ID,First Name,Last Name,Address,Phone Number,Marriage Status,Number of Children
1,Samantha,Carrillo,"76805 Bonnie Flats Suite 334, Jaimeborough, OR 97830",584-989-4434x62545,Single,0
2,Cassandra,Golden,"55523 Elizabeth Ville Suite 821, Port Debbiemouth, VA 42338",607.658.4404x539,Single,0
3,Philip,Nguyen,"31419 Angela Path, Jessicamouth, PA 64409",001-380-716-3721x5183,Divorced,4
4,Shelly,Morris,"03715 Beck Extensions, Danaburgh, AZ 51006",+1-628-206-9785,Married,2
5,Julie,Smith,"45460 Ashley Island, Lisashire, KY 59523",755-478-9083x68835,Divorced,0
6,Jason,Graham,"68720 May Orchard Apt. 996, North Kellyfort, MS 40875",840.527.7521,Married,5
7,Kristin,Carter,"6440 Scott Lake Suite 149, Lake Janetberg, AL 83761",001-444-310-2928x42321,Married,2
8,Shawn,White,"52476 James Glens, New Robertborough, WI 03071",+1-977-644-9940x3074,Widowed,0
9,Amy,Cortez,"2276 Paul Manors, Steventon, MP 95545",(935)677-7054,Widowed,4
10,Ashley,Doyle,"USNV Smith, FPO AA 58963",+1-252-475-1893x623,Divorced,1
11,Cynthia,Carroll,"8706 Rogers Stravenue Suite 954, South Ian, WA 62578",+1-526-317-6612x2236,Single,0
12,Emily,Dickson,"276 Clayton Divide, Lake Williamshire, NV 68457",001-491-609-9076x8575,Divorced,3
13,David,Carrillo,"659 Alexander Station Apt. 325, Millerfurt, DE 71517",200.950.3659x534,Widowed,0
14,Andrew,Gutierrez,"2240 Deborah Turnpike, East Nathan, ID 75614",+1-221-336-0202x9895,Divorced,0
15,Kimberly,Moore,"10187 Tracey Plains Suite 350, South Courtneymouth, VI 60400",(516)939-4198x5370,Widowed,2
16,Jackie,Williams,"7746 Joseph Parks Suite 530, Kathryntown, IL 28010",(284)805-9748x17572,Single,0
17,Jenna,Hernandez,"PSC 6219, Box 1190, APO AA 21062",9195092693,Widowed,2
18,John,Little,"524 Spencer Square, Christinatown, GU 76109",242-990-5888x009,Married,3
19,Shelby,Howard,"74259 Oconnor Grove, Lake Amyshire, IN 05634",423.270.8836,Divorced,4
20,Colleen,Rice,"04749 George Roads, Elizabethchester, MD 21604",679.653.9516,Divorced,1
21,Christina,Thompson,"1915 Christopher Trafficway, East Davidton, PW 79971",833-954-3701x2678,Divorced,5
22,William,Evans,"PSC 6099, Box 7250, APO AA 21102",001-729-459-1090x304,Single,0
23,Austin,Wright,"6540 Lindsay Pass, Danielview, NV 14887",001-283-224-7244,Divorced,3
24,Rhonda,Black,"3645 Brandy Stream, Mathewchester, KY 39462",001-801-996-1489x34986,Married,2
25,Michael,Brooks,"1943 Jackson Walks Apt. 350, East Lauren, CA 49386",7802818806,Single,0
26,Fernando,Bender,"0778 Cynthia Via, North Nicholas, HI 41360",(769)214-8896x59812,Divorced,0
27,Crystal,Brown,"01486 Duffy Lane, Alishaborough, OK 33985",(814)779-0707x07527,Married,5
28,Tina,Murray,"7184 Berry Walks, Ryanshire, OR 20807",001-624-208-7100x409,Single,0
29,Adriana,Park,"9292 Joan Ferry Apt. 776, New Yvonne, VI 72219",316.532.1991,Married,5
30,Amber,Kelly,"483 Frank Views Suite 994, Lake Sherriberg, CT 98499",(673)796-8367,Married,3
31,Billy,Smith,"USCGC Sanford, FPO AE 13475",001-352-778-1729x5018,Single,0
32,Crystal,Wilson,"15155 Kimberly Tunnel, Drakeville, AS 45559",(884)596-0794,Widowed,5
33,William,Gardner,"93060 William Stravenue Apt. 915, Jeffreyburgh, GA 26351",(778)749-2033x77255,Divorced,4
34,Timothy,Rodriguez,"32940 Alicia Stravenue, Lake Donaldton, MD 05797",001-356-648-4627x356,Single,0
35,Brian,Flores,"3539 Steven Loop Apt. 337, Michaelville, NY 01043",001-307-624-2644x22290,Married,3
36,Nancy,Hernandez,"167 Marc Lane Suite 854, Patriciaton, GU 53391",(598)491-1746,Single,0
37,Dennis,Byrd,"4284 Madison Ways Apt. 080, East Stevenfort, TX 28866",(675)764-2102,Widowed,0
38,David,Powers,"496 Kenneth Key Suite 341, Bushburgh, KY 42358",+1-538-667-3654,Divorced,2
39,Brendan,Simmons,"2630 Bryant Mission Suite 922, Collinshaven, OK 35226",(768)346-6036,Married,4
40,Jennifer,Soto,"993 Hansen Bypass, New Cindy, CT 13553",001-265-398-9372x0850,Divorced,2
41,Tiffany,Medina,"295 Zimmerman Fall, West Patrick, MA 75502",001-813-668-6701x10675,Widowed,2
42,Donna,Williams,"655 Friedman Corner, Hartberg, TX 72826",583-372-7264x215,Married,4
43,Linda,Stewart,"75190 Rodriguez Road, Changside, DC 38949",261-229-0919,Single,0
44,Martha,Murray,"717 Vance Mills Suite 150, Crosbystad, WY 62028",3929194267,Single,0
45,Ralph,Fuller,"29550 Russell Brook, Martinmouth, FM 22191",821.672.6998,Married,4
46,Dwayne,Melendez,"PSC 0173, Box 3412, APO AE 76330",765-846-6465x52989,Single,0
47,Abigail,Holmes,"460 Charles Coves, East Thomasbury, MO 85984",4692816831,Widowed,0
48,Candice,Thompson,"0739 Bowers Pines Apt. 972, Lewiston, MA 75743",(692)266-2257x379,Single,0
49,Sophia,Goodman,"USCGC Vance, FPO AE 96253",979.483.7635x4555,Divorced,3
50,Jeffrey,Walsh,"2072 Lewis Trafficway, Medinamouth, UT 64848",232-264-0664x92266,Single,0
51,Joseph,Carey,"PSC 5717, Box 2249, APO AA 34985",+1-766-772-1456,Single,0
52,Drew,Cook,"7747 Glenn Brooks, South Jessicaville, TN 17194",(829)222-0333x18430,Married,4
53,Cristian,Lowe,"4174 Julia Forges Apt. 399, North Keith, AR 24534",+1-685-574-0258x253,Single,0
54,Laurie,Lyons,"439 Susan Corner, Jessemouth, WY 38578",337.297.1296x718,Divorced,4
55,Kristen,Osborn,"9736 Jessica Crest, Joneshaven, NM 09089",001-762-556-1738x23531,Married,1
56,Maria,Simmons,"31039 Smith Neck Suite 809, Garytown, DC 78936",681.641.1691x1355,Divorced,5
57,John,Rodriguez,"90745 Bryant Cliff Suite 369, Lake Christopher, PR 80884",635-686-7870x14023,Married,2
58,Craig,Frye,"968 Johnston Fort Apt. 505, Batesland, NC 21221",(283)353-6734x3274,Divorced,5
59,Amanda,Anderson,"56483 Vickie Parks, Janicemouth, TX 71129",001-703-357-6279x4337,Widowed,3
60,Randall,Nelson,"0503 Jodi Junction, Latoyaburgh, MS 81006",250.896.1999x91427,Married,5
61,Erica,Heath,"Unit 0306 Box 7289, DPO AP 57758",426-431-7338,Divorced,1
62,Melanie,Chan,"095 Morrison Roads Suite 471, Ashleyborough, WA 31720",678-313-5649,Married,4
63,Alice,Peterson,"42879 Matthew Hills Apt. 618, Russoview, WI 29140",+1-256-478-5491x37091,Divorced,3
64,Nicholas,Reed,"436 Smith Orchard, Johnfort, ID 71061",001-425-737-9520x38768,Widowed,3
65,Joseph,Perez,"51682 Mary Glens, South Stevenside, NJ 00730",+1-739-555-8365x40017,Single,0
66,James,Nelson,"Unit 1591 Box 1549, DPO AE 43124",+1-727-360-3152x399,Single,0
67,Charles,Spears,"130 Stanley Shoal Apt. 119, Mooreshire, RI 70191",001-448-614-7097x06023,Divorced,0
68,Christina,Hernandez,"1692 Sheryl Forks Apt. 136, South John, WY 71102",(710)367-1295x8928,Divorced,0
69,Brett,Davis,"7210 Williams Crescent Apt. 468, South Carrie, MD 01836",(710)560-2197x520,Widowed,2
70,Jerry,Jones,"7967 Perry Lakes Apt. 726, Jessicaport, MP 60318",(968)402-1819x308,Married,5
71,William,Burton,"43832 Perez Lights Apt. 187, Julieville, PR 20600",(668)439-3325x5818,Divorced,1
72,Faith,Gonzalez,"1995 Wright Estate, Katherinemouth, MP 25024",+1-970-860-0184x235,Divorced,3
73,Stephanie,Conner,"2402 Holt Circles Apt. 927, Melissaberg, GA 96005",279-890-1216x118,Single,0
74,Melinda,Stanton,"73484 Harvey Estates Suite 854, Lisaland, PA 57827",635.538.8467,Widowed,4
75,Jennifer,Reilly,"026 Terrence Shoals Apt. 584, Cynthiashire, CA 58344",001-974-765-2121,Widowed,2
76,Kenneth,Murphy,"8480 Carl Mall, East Elizabethfurt, LA 29278",(697)721-9173x272,Married,4
77,Jennifer,Fitzgerald,"PSC 3618, Box 7978, APO AA 13091",695.527.5136x527,Divorced,3
78,Raymond,Melton,"197 Jennifer Port, Paynehaven, MP 89296",348-282-7988x630,Divorced,5
79,Mark,Gardner,"0594 Chad Field Suite 387, Levineview, MP 27752",001-815-881-7270x1093,Married,3
80,Tammy,Hardy,"USNS Mendoza, FPO AA 10253",+1-590-266-4198x3436,Widowed,5
81,Rodney,Huffman,"36601 Tracy Unions, Martinmouth, TX 40373",524.538.3354x4654,Single,0
82,Christine,Mcclain,"0056 Cochran Ports, Jamesmouth, IA 63692",(500)462-8399,Married,1
83,Ronald,Thomas,"03675 James Streets, South Rachel, GA 30363",770.703.2817x4828,Married,2
84,Stephanie,Merritt,"87185 Lopez Pine Apt. 163, Mercerchester, CO 76522",(911)436-9655,Widowed,2
85,Richard,Bowman,"675 Rhonda Stravenue, Seanburgh, NC 40478",(925)512-0039x22060,Divorced,5
86,Crystal,Peterson,"Unit 2641 Box 4473, DPO AE 80895",+1-581-308-7019x0361,Single,0
87,Allison,Bryant,"7800 Reese Points, Martinezmouth, HI 60457",623.283.3551x033,Married,0
88,Daniel,Miller,"835 Porter Park, Jacobsborough, OK 16481",6847713628,Widowed,4
89,Nicholas,Peterson,"370 Garcia Points Apt. 591, Port Connieside, WV 92640",445.735.6093,Divorced,0
90,Carolyn,Powers,"042 Nicole Meadows, Mcdanielstad, MH 67741",500.740.4034,Divorced,2
91,Lauren,Phillips,"608 Nicole Haven Suite 798, Billystad, TX 01197",(715)431-1301x55198,Married,3
92,Randy,Baker,"6288 Matthew Stravenue Suite 930, Nelsontown, PW 26222",725.970.3724x583,Married,4
93,Thomas,Lane,"89659 Preston Village Apt. 059, South Tammymouth, SC 39098",+1-675-291-7511x902,Widowed,5
94,Cynthia,Mathis,"71020 Angie Shoal, New Kyle, OK 32283",2982310552,Widowed,0
95,Christine,Medina,"PSC 6842, Box 0084, APO AP 22478",282-203-0702x9158,Married,0
96,Christina,Brown,"433 Mark Stravenue, South Meganbury, AK 04060",452-675-4682,Single,0
97,Christina,Dean,"Unit 1222 Box 3745, DPO AP 91429",(644)682-1036x95066,Married,1
98,Joseph,Mcgee,"6095 Mary Common, Nicoleview, NM 15599",+1-793-379-0096x90012,Widowed,1
99,Sara,Rivera,"Unit 3033 Box 4510, DPO AP 52075",001-784-309-7920x24894,Single,0
100,Paul,Richardson,"PSC 0103, Box 2825, APO AA 12637",885.669.8056,Married,0
101,Larry,Moore,"005 Lewis Gardens, Salazartown, CA 96263",726-948-3703x5548,Divorced,4
102,Carlos,Carter,"135 Watson Plaza Apt. 259, Phyllisbury, RI 57907",001-299-766-9943x55577,Married,2
103,Stephanie,Adams,"15055 Christopher Shoals Suite 992, Leview, GA 43536",324-286-3275x66378,Single,0
104,Antonio,Rowland,"1206 Timothy Parkways Suite 526, Starkborough, MO 66817",(892)310-9777,Single,0
105,Stephen,Daniel,"23686 Cassandra Walks, North Gregoryfurt, SC 12812",271.310.9685x329,Divorced,5
106,Adam,Kelly,"3882 Wilson Plains Suite 465, North Sara, NE 41994",7253780215,Widowed,4
107,Erica,Compton,"7615 Marshall Mount, East Tracy, NC 02529",273.860.6512x465,Divorced,1
108,Tony,Burke,"64653 Christy Circles, Chelseytown, TN 11302",226.794.1280x028,Divorced,3
109,Kimberly,Mccormick,"83092 Amy Plain Suite 652, Jasonton, AS 83802",(713)691-3156,Divorced,0
110,Kathryn,Jackson,"3150 Simmons Landing, East Stephaniebury, AS 54408",708.741.9475x204,Married,3
111,Amanda,Holland,"429 Gonzalez Dale, South Jacqueline, SC 05682",902.632.1724,Single,0
112,Mark,Barnett,"33162 Griffin Villages Apt. 279, Kramerburgh, AL 62285",(929)718-1424x50762,Divorced,0
113,Tracy,Dominguez,"88061 John Dale, Murphyborough, TN 92811",212-208-4135x2821,Widowed,2
114,Michael,Munoz,"0948 James Extension Suite 717, New Manuel, NC 20883",987.986.4136x75450,Married,4
115,Pamela,Miller,"7168 Fields Forest, Maryburgh, MT 51963",001-757-600-5750x32986,Single,0
116,Karen,Rivers,"1331 Simpson Junction, Mezabury, AS 48375",922-354-2717,Divorced,0
117,Dean,Fields,"2677 James Burgs, Danielmouth, PR 46496",001-388-840-7980,Single,0
118,John,Smith,"4393 Jamie Hollow Suite 360, Susanview, GA 50234",(282)768-8935,Married,1
119,Marcus,Greene,"659 Garner Tunnel, Greenton, IN 96487",+1-330-344-0555x4153,Married,0
120,Ann,Foster,"074 Mullins Lane, West Stephaniehaven, MA 29901",001-445-585-7226x2487,Divorced,1
121,Sean,Ho,"56303 William Land Apt. 213, South Vanessa, DC 17355",536.722.8352,Divorced,0
122,Kimberly,Wade,"9541 Tanya Mills, Lake Kevin, ME 66021",251.617.8101x59173,Single,0
123,Anthony,Murray,"5323 Moore Port, Karenport, ME 33352",748.697.7799,Married,3
124,Kayla,Rojas,"20524 Gonzales Lakes, West Crystalstad, MN 46157",001-814-971-7922,Married,3
125,Stephanie,Fowler,"00799 Spencer Island, Port Charles, NH 75406",001-652-414-4956x130,Widowed,1
126,Douglas,Hernandez,"5064 Zimmerman Harbor Suite 687, New Claudia, MO 01049",+1-206-882-9589,Widowed,5
127,Shirley,Fox,"10713 Bush Groves Suite 793, Lake Karen, WY 18643",667-811-3423,Widowed,0
128,Sandra,Cabrera,"047 Jenna Station Suite 384, Donaldmouth, MN 78222",001-876-320-8438x02426,Divorced,3
129,Joan,Schmidt,"4944 Hernandez Squares, Autumnland, MA 65875",361.275.1276,Married,1
130,Michael,Graves,"261 Boyer Landing Apt. 059, Humphreymouth, IA 76173",001-744-738-5469x098,Married,5
131,Vanessa,Bennett,"37102 Sara Divide Apt. 192, Santiagoburgh, NV 97828",652-788-4253x20659,Single,0
132,Jacob,Davis,"018 Mark Ranch, Matthewfort, DE 69291",001-517-702-3900x07272,Divorced,1
133,Samuel,Sims,"67881 Abbott Ports Apt. 766, East Dannyberg, TN 66280",+1-935-320-4190x6195,Divorced,3
134,Tracy,Perry,"958 Robert Trafficway Apt. 850, North Davidhaven, CT 74899",551.524.7500x94311,Single,0
135,Jennifer,Wright,"58955 Harris Brook, Cherylfurt, OK 19145",481-603-4267x500,Single,0
136,Andrew,Harris,"587 Julia Gardens, Port Hannah, PR 76561",3305837207,Divorced,2
137,Claudia,Leach,"92757 Lee Tunnel Apt. 160, West Aimeeside, GU 36585",894-665-6485x9545,Single,0
138,Colleen,Jones,"Unit 5412 Box 9638, DPO AA 20181",758.952.3129x955,Widowed,0
139,Jessica,Taylor,"13257 Stanley Key, Port Allisonport, MT 30023",326-596-3649,Divorced,1
140,Adam,Fisher,"8787 Christopher Islands Suite 030, South Jenniferborough, NH 91932",+1-954-301-1975x739,Divorced,0
141,Stephen,Parks,"Unit 8587 Box 9679, DPO AE 12032",368-991-3174x10761,Married,2
142,Lindsay,Ortiz,"86638 Timothy Loop Apt. 042, New Robert, PW 15179",001-969-387-9842x5234,Widowed,1
143,Jeremy,Allen,"3276 Patrick Shoals, Lake Kaylamouth, IA 01006",+1-296-275-3232,Married,4
144,Paula,Jones,"63090 Hall Creek Suite 865, Jamieton, MA 17936",(879)821-7544x58980,Divorced,4
145,Lisa,Wilson,"7924 Reeves Junction Suite 712, North Tracyshire, MO 23256",709.381.7558x309,Widowed,5
146,Claire,Johnston,"403 Ramirez Tunnel Apt. 749, Port Brittany, MP 04265",212.588.3583x1570,Married,5
147,Aaron,Ramirez,"178 Andrew Row Apt. 537, Kristenfort, PW 82387",001-269-365-4193x63326,Widowed,5
148,Cheryl,Salas,"37112 Rhonda Plain Suite 124, Nicolemouth, FM 00501",570-538-9627x8655,Single,0
149,Joshua,Jacobs,"1015 Dillon Flat, West Joseph, WV 70444",001-254-514-8758x26041,Married,3
150,Jonathan,Bowers,"3030 Cassandra Land, Hugheschester, CA 43885",268.859.3874x94737,Divorced,4
151,Christopher,Yang,"5857 Powers Shoal Apt. 460, Wattsberg, VI 51660",(207)984-4908x0999,Married,4
152,Jorge,Kennedy,"35897 Brittany Forges, Wendymouth, MN 02571",001-888-318-0243x1501,Divorced,2
153,Michelle,Davis,"4608 Lauren Points, East Nathanport, PA 31597",536-784-4109x450,Widowed,4
154,Raymond,Smith,"0543 Duncan Freeway Apt. 321, North James, NM 83861",921.755.4908x499,Married,1
155,Alex,Miller,"00106 Werner Track Suite 841, Port Luis, NH 34828",352.201.7606,Widowed,4
156,Lauren,Baker,"761 Smith Lakes Apt. 012, North Nicole, AR 26414",001-515-943-9484x015,Divorced,1
157,Benjamin,Diaz,"1609 Michael Key, North Edwardhaven, AL 13685",001-500-535-3262,Single,0
158,David,Cabrera,"2989 Ronald Plains, Santanamouth, UT 85798",(352)438-8534,Single,0
159,Christine,Thomas,"86791 Page Mill Apt. 219, South Matthew, OR 83419",001-756-999-4079x6008,Widowed,3
160,Kathryn,Lee,"USNS Miller, FPO AP 65121",(541)793-3732x28980,Widowed,0
161,Tonya,Franco,"5141 Jones Ranch, Susanmouth, MO 32683",807.509.7578,Divorced,3
162,Savannah,Green,"Unit 6577 Box 6175, DPO AA 21425",609.974.1713x32873,Divorced,4
163,Julie,Martin,"96294 Casey Junction Suite 894, Lake Matthew, AS 54587",217-550-9366x0487,Widowed,2
164,Jason,Long,"769 Powers Landing, Joshuastad, GA 70385",6422293840,Single,0
165,Donald,Taylor,"0433 Riley Terrace, Wuburgh, OH 88250",512-889-2293x07934,Married,4
166,Jeffrey,Gonzales,"8950 Theresa Spurs, Louishaven, WA 43959",795-425-9881x794,Divorced,0
167,Claudia,Ferguson,"0618 Richard Mount Suite 718, West Amber, PA 14792",+1-834-425-4434x18826,Single,0
168,Bruce,Parker,"67439 William Passage Suite 234, Port Laura, MI 95450",(448)585-2058,Divorced,5
169,Brianna,Johnson,"Unit 1596 Box 4723, DPO AA 60851",9058887286,Widowed,4
170,Virginia,Edwards,"2080 Owens Fall, Danielleburgh, TN 11160",6789665882,Single,0
171,Eric,Wright,"Unit 1427 Box 0909, DPO AE 01991",(936)202-1747,Single,0
172,Scott,Smith,"040 Gutierrez Shores, Lake Amandafurt, VA 98605",574.769.6410,Widowed,5
173,Latoya,Edwards,"88258 William Mews Apt. 196, West Amber, RI 66041",946-442-7696x3448,Married,3
174,Kathleen,Fowler,"591 Pratt Hollow, Timothymouth, MI 19677",806.880.7427x5751,Divorced,1
175,Isabel,Sanders,"992 Mejia Plain Suite 508, East Emilybury, MT 52311",214-698-8957x327,Widowed,4
176,Joseph,Ross,"76010 Michelle Haven, Connieside, WA 44026",(989)670-8993,Single,0
177,Harry,Livingston,"58429 Samuel Manors Apt. 793, New Jasonburgh, NC 46587",464.244.2684x691,Widowed,3
178,Hannah,Watts,"6717 Morris Islands Apt. 912, Robertview, NH 52979",+1-864-876-6471x94907,Married,5
179,Michael,Morgan,"75403 Baxter Locks Apt. 913, Booneside, AR 08852",756-939-5843,Divorced,5
180,Craig,Richardson,"50502 Jason Park Apt. 530, West Amy, TN 69546",955.879.0907,Married,3
181,Kimberly,Edwards,"596 Monica Villages, North Matthewland, MT 06667",001-352-309-0307x2362,Married,4
182,Adrienne,Landry,"USNS Wolf, FPO AP 08619",001-545-220-1692x455,Divorced,3
183,John,Baker,"467 Amanda Summit, North Brendashire, OR 11535",677.397.4155,Single,0
184,Katie,Washington,"039 Patricia Run, New Cody, CA 66864",001-526-474-3614,Married,4
185,Taylor,Mclean,"7180 Jones Center, Lewisview, WI 59331",230-369-5973x8944,Single,0
186,Jason,Wilson,"26764 Linda Island, Jeffreymouth, MT 43431",729.870.7064,Widowed,4
187,Barbara,Crawford,"0983 Carol Brook, Johnfort, PA 11995",+1-454-352-0442x6189,Single,0
188,Kimberly,Hart,"66986 Clark Springs Suite 031, South Patriciaview, FL 86678",001-991-486-1603x80571,Divorced,2
189,Stacy,Garcia,"5497 Price Forge, Brandiview, MP 01435",001-658-709-1142x857,Married,3
190,Angelica,Hill,"855 Wiley Green, New Jaimetown, LA 75971",803-804-2030x7390,Married,0
191,Rachel,Walker,"20014 Flynn Lake Apt. 020, Salazarchester, WA 81871",258-793-7087,Widowed,5
192,George,Anderson,"8472 Diaz Prairie Suite 499, Spearsburgh, RI 90808",280.541.4340,Divorced,0
193,Troy,Fuller,"14519 Katherine Plaza Apt. 072, Port Sarahberg, MO 31483",387.950.9261,Divorced,2
194,Diane,Frederick,"PSC 8948, Box 1712, APO AP 87876",326-601-2775x322,Widowed,4
195,Shaun,Farmer,"USS Johnson, FPO AA 27468",713.908.5378,Divorced,5
196,Christina,Torres,"298 Freeman Groves, North Gregory, MT 75965",(889)535-1190x35700,Married,0
197,Karen,Brooks,"0657 Lowe Route Apt. 254, New Jeremy, PW 82561",247.353.0099,Single,0
198,Scott,Riggs,"472 Anne Crescent Apt. 729, Lake Charles, AZ 33498",+1-883-501-2604,Married,4
199,Danny,Shaw,"39509 Richard Crossing, South Jeffreyview, MS 40674",8183817559,Divorced,5
200,Mark,Rodriguez,"6040 Summers Creek, New Mallory, DE 42728",001-999-567-4398,Married,1
201,David,Myers,"02000 Sue Junctions, Tylerport, DE 11175",(987)489-1996x30168,Single,0
202,Eric,Jenkins,"153 Martin Pines, North Margaret, UT 55038",(417)531-5343,Widowed,2
203,Amy,Durham,"5565 Martin Groves, North Matthew, IN 19116",8187494342,Married,2
204,John,Thomas,"PSC 3966, Box 5897, APO AP 11103",(332)568-2430,Widowed,3
205,Kelli,Kelly,"3439 Miles Port Suite 209, Port Amberfort, MI 70994",001-763-640-1078,Divorced,5
206,Christopher,Vargas,"2930 Carrillo Key, Terryside, MD 24738",674.807.9594x2554,Single,0
207,Timothy,French,"253 Hardin Square, West Darrenhaven, DE 58385",+1-659-541-3806x43989,Married,0
208,Phyllis,Alvarado,"955 Diana Brooks, New Anthonyport, DC 01592",510-955-5887x8400,Married,2
209,Phillip,Stewart,"0686 Jonathan Glen, West Raymond, PA 26632",6807897360,Married,3
210,Michael,Lyons,"PSC 7569, Box 5051, APO AP 52389",304-639-9140,Married,3
211,Lauren,Preston,"16570 Joseph Land Suite 786, Port Maria, DC 20584",580-321-3453x6186,Single,0
212,Christie,Jones,"71178 Johnson Prairie Suite 471, Andrewfort, NH 89192",+1-837-962-2180x312,Widowed,3
213,Mary,Morgan,"736 Elizabeth Keys, Port Victoriaview, MP 73292",666.756.1368x2268,Widowed,5
214,Kyle,Fields,"03281 Claire Burg Suite 223, Jesseside, SC 44944",(690)463-1109x54872,Single,0
215,Kevin,Calderon,"USS Mills, FPO AE 80052",+1-804-237-7421x0456,Married,0
216,Jeremy,Rose,"PSC 5503, Box 7095, APO AE 60721",(444)442-7036x230,Widowed,1
217,David,Bowman,"61807 Peterson Field, North Stephanie, OK 13205",5635725609,Divorced,3
218,Jennifer,Brown,"985 Ashley Spur, Harrisside, CO 54991",304.414.9301,Widowed,1
219,Mark,Landry,"77859 Lawrence Well Suite 217, Smithton, ID 54665",001-434-218-1365,Married,4
220,John,Maldonado,"USNS Johnson, FPO AE 58474",001-901-477-2172,Widowed,0
221,Tracy,Robinson,"71102 Jacqueline Shoal Suite 407, South Michelleburgh, IL 06280",892.545.3826x8788,Married,0
222,John,Smith,"2534 Paul Course Apt. 193, New Christopher, ME 78524",+1-297-862-6384x0873,Widowed,2
223,Scott,Velasquez,"706 Scott Ranch Apt. 734, West Jasonborough, WI 27896",(769)227-7593,Single,0
224,Christian,Murphy,"352 Jacobs Plains Suite 804, Perkinsview, MA 39924",500.246.5880,Married,4
225,Jenny,Robinson,"7172 Douglas Row, Hernandezview, VT 46361",(491)507-8100,Divorced,2
226,Jerome,Lynch,"4373 Berry Terrace Apt. 779, Torresside, AS 09271",001-252-346-1572x628,Single,0
227,Victor,Bates,"5896 Tammy Points Apt. 056, North Debrashire, AL 65070",(442)647-6693x16732,Married,3
228,Victoria,Martinez,"0089 Kenneth Gateway Suite 688, Andersonside, KS 79969",578.318.6255,Divorced,3
229,Amanda,Benson,"PSC 0936, Box 3171, APO AE 73490",001-577-971-3304x1814,Widowed,4
230,Joseph,Welch,"1091 Shawn Stream Apt. 804, New Christina, OK 98461",6379498847,Married,4
231,Yolanda,White,"397 Christopher Mountains Apt. 308, South Sarahhaven, RI 06351",570-463-0132,Widowed,1
232,Jennifer,Hawkins,"58072 Dale Cape Apt. 747, Middletonbury, WY 64133",(492)305-5515x69470,Married,3
233,John,Mckinney,"86960 Perry Unions, Mitchellbury, OK 14679",+1-702-852-2005x912,Single,0
234,Christopher,Hamilton,"22286 Randy Island Apt. 355, Lake Michaelville, MT 50132",+1-659-690-2597x19476,Widowed,0
235,Molly,Johnson,"5490 Mary Via Suite 066, Matthewtown, SC 95302",+1-622-371-8632x9992,Married,4
236,Robert,Morris,"0409 Adam Street, Donaldmouth, NH 09852",(793)310-7363x1872,Single,0
237,Stephen,Moody,"719 Matthew Turnpike Apt. 838, Michellemouth, MN 05238",697.879.4906,Widowed,0
238,Jennifer,Ray,"874 Curry Street, South Katherineland, OH 93584",+1-978-622-6594x0397,Married,3
239,Kimberly,Mcclure,"93399 Donna Gateway, Lake Amy, MD 94136",671-520-5920,Widowed,4
240,Jennifer,Perez,"1874 Coleman Villages, Wrighttown, FL 33979",453.596.6689,Single,0
241,Jordan,Brown,"3667 Mathew Way, West James, TN 73797",7364306484,Divorced,1
242,Pamela,Reyes,"USS Johnson, FPO AA 66875",9282683965,Widowed,1
243,Julian,Kim,"9645 Gonzales Plains Apt. 531, East Carlachester, NC 88808",708.272.4001,Divorced,3
244,Tracy,Morris,"198 Myers Lodge Suite 319, New Roberttown, WY 06046",+1-799-758-6364x0918,Single,0
245,Christopher,Phelps,"37039 Clark Forge Apt. 658, Smithport, TX 91792",208-766-6277x531,Married,4
246,Alexandra,Becker,"9270 Fox Mountain Apt. 669, Ronaldland, NH 88369",601-830-2589,Divorced,5
247,Raymond,Cochran,"20036 Joanna Circle, North Fernandobury, SD 69178",(838)947-0083,Divorced,4
248,Lori,Mccoy,"451 Christopher Court, Kathrynshire, OH 72705",420.665.9654x41955,Married,4
249,James,Johnson,"987 Jessica Islands, Lake Robinmouth, MH 71616",(846)418-4589,Divorced,3
250,Wayne,Walton,"305 Gallagher Rapid Apt. 313, Smithside, HI 31620",515.332.3569x52849,Single,0
251,Ronald,Camacho,"1910 Vargas Brook, Heatherton, MN 63073",737-644-1094,Divorced,4
252,Amy,Buckley,"USCGC Miranda, FPO AA 64920",(969)966-7049x62911,Married,5
253,Denise,Russell,"03363 Young Estate Apt. 917, South Paulmouth, HI 13233",(874)813-3812x290,Single,0
254,Eric,Case,"391 Alyssa Island, North Joshua, LA 72079",550-905-6019,Widowed,2
255,Richard,Cordova,"423 Winters Roads Apt. 619, South Andreashire, PW 43959",893-329-2464x87889,Married,1
256,Adam,Stanley,"USNV Le, FPO AE 66962",532.841.2227,Divorced,4
257,Tracy,Coleman,"4532 Javier Roads Apt. 179, South Joanne, DC 95715",(259)799-3024x9280,Divorced,3
258,Denise,Collins,"6105 Reed Prairie, East Hollyside, IL 50001",+1-687-916-5415x1134,Single,0
259,Charles,Sanchez,"66607 Johnson Square, Ruizhaven, OK 96024",8747298794,Single,0
260,Yvonne,Gonzalez,"Unit 7851 Box 1046, DPO AP 31566",+1-948-373-6640x9659,Married,5
261,Brittany,Oneill,"799 Jesse Way Apt. 930, East Tara, IN 97849",5084487982,Single,0
262,Angela,Ashley,"2954 Roman Motorway, Cooperland, ND 65256",620-227-9882x52470,Married,4
263,Kenneth,Rodriguez,"8859 Mccall Manor, Jonesborough, IL 19012",869-818-6788x57116,Widowed,4
264,Stacy,Ali,"660 Wilson Tunnel Apt. 036, Ellisland, SC 11375",384-345-5577,Married,2
265,Alison,Woodard,"5989 Martin Hollow Suite 442, Castanedafurt, TX 63400",(374)326-4656x78935,Widowed,1
266,Daniel,Rogers,"33486 Holland Views, Millerchester, VT 98235",703-347-9003x41850,Divorced,3
267,Margaret,Wood,"8582 Joseph Creek, Port Alexisport, UT 96271",(554)295-7446x4263,Married,5
268,Angela,Martin,"88470 Walker Street, Pennyview, AZ 95864",001-222-991-6967,Single,0
269,Alicia,Barnes,"9231 Rubio Mission Apt. 409, Richardland, OR 13064",404.229.8668,Widowed,2
270,Carol,Pierce,"3403 Kristin Lake, New Rodneystad, MO 11137",+1-317-798-0937x838,Married,4
271,Gregory,Calderon,"PSC 8639, Box 3789, APO AE 42927",+1-753-512-9499x745,Married,3
272,Stephanie,Hernandez,"69695 Moore Rue, South Brianna, GU 51488",759.680.1899x9203,Widowed,4
273,Michele,Griffith,"19773 Sarah Lake, Grantchester, MT 20463",+1-670-503-4172,Divorced,3
274,Katherine,Medina,"80848 Moore Keys, Patrickfort, WA 44024",001-204-516-6729x20652,Widowed,4
275,Christian,Contreras,"655 Mcclure Crest, Lake Sherry, MI 41701",713.730.6230x63686,Divorced,4
276,James,Wallace,"55662 Warner Branch, Waynemouth, MA 51675",813-259-6408x4929,Widowed,5
277,Julie,Swanson,"061 Barajas Field, South Rosetown, NM 80044",001-485-672-0584x160,Divorced,0
278,Scott,Dean,"29249 Ryan Shoal, Rodriguezport, AR 15483",(518)487-3817x32363,Married,1
279,Paul,Smith,"6130 Smith Light, North Jacquelinefort, NJ 57471",696-236-8802,Single,0
280,William,Gomez,"Unit 0771 Box 7636, DPO AP 02486",001-771-805-3985x3548,Married,3
281,Amanda,Olson,"920 Amber Canyon, Craigmouth, SC 14810",746.899.9470x96293,Married,5
282,Mary,Anderson,"58730 Hayes Parkway, North Anthony, MH 65693",001-938-924-4993x0007,Widowed,0
283,Nicholas,Moreno,"98370 Lisa Neck, South Shawnhaven, ME 42623",+1-921-265-5244x59751,Single,0
284,David,Hurst,"4560 Martin Gateway, Johnside, TN 76033",886-343-2821x3130,Married,4
285,Albert,Oconnell,"02908 Schwartz Trace, East Joseph, PA 09189",(508)594-6336,Widowed,0
286,Wesley,Long,"018 Katie Stravenue, Maxwellstad, WA 45639",838.826.2092,Married,0
287,William,Espinoza,"8186 Wolf Grove, North Bruceburgh, GU 12132",001-322-961-2211x842,Widowed,3
288,Robert,Martinez,"054 Dean Mountains, Rileyfort, MT 47265",714.282.3317x979,Married,3
289,Sarah,Castaneda,"Unit 5954 Box 0178, DPO AA 57847",318.315.4139x106,Single,0
290,Barbara,Collins,"55739 Johnson Stravenue Apt. 018, New Robertview, NJ 78344",+1-576-396-5810,Single,0
291,Michael,Bush,"7877 Alejandra Lodge, Dustinborough, VI 95816",001-786-416-3443x8915,Single,0
292,Jesus,Walker,"137 Webb Forks, Port Ashley, NE 44631",+1-783-490-4762x252,Divorced,5
293,Kevin,Fox,"2335 Scott Run, Colonport, MA 10108",582.989.1543x50024,Divorced,0
294,Shawn,Sullivan,"962 Patterson Ridge, Brentbury, IL 84424",703.401.0033x0846,Divorced,0
295,Bailey,Krueger,"9272 Victoria Isle, Robertsonberg, AL 55389",001-225-634-7299x451,Married,5
296,Julie,Sanchez,"USNV Tate, FPO AE 23638",(861)421-3687x2329,Widowed,3
297,Victoria,Guerrero,"71598 Rebecca Island Suite 544, East Brianfurt, SD 95617",268-725-8995,Widowed,4
298,Joe,Wilson,"8812 Raymond Mission Suite 001, East Keith, NY 52905",(935)672-9845,Single,0
299,Cynthia,Bell,"868 William Ports, Wrightbury, MA 65245",+1-445-677-1959,Single,0
300,Ashley,Young,"501 Derrick Fork, Tiffanyfort, CT 14213",001-778-569-4953x1581,Single,0
301,George,Velez,"609 Megan Union, Johnsonton, MI 34645",7803728229,Divorced,2
302,Julie,Rush,"1841 Thompson Green, Zoeland, WV 50950",529-632-6028,Divorced,1
303,Lisa,Dudley,"17067 Martinez Forks, Port Taylorborough, SD 55293",810-223-9950x2871,Widowed,3
304,Jake,James,"565 Allen Island, Stephensland, OR 69411",5987127859,Single,0
305,Victor,Stanley,"17167 Patrick Ville, Reedland, DC 95713",(259)818-5018x213,Widowed,3
306,Amanda,Mendoza,"43772 Michelle Land Suite 659, North Kevin, OH 57568",417.262.5872x684,Married,1
307,Sandra,Martinez,"34362 Aguilar Locks Apt. 200, North Brendaview, AZ 15958",2542171622,Married,2
308,Colin,Bauer,"03583 James Prairie, Lake Cheryl, OH 05881",750.602.2777x9413,Divorced,5
309,Justin,Roy,"5825 Diane Trail, Lake Robert, CT 25546",8253901897,Single,0
310,Gabriel,Reeves,"5359 Julie Squares, Lake Jessica, VI 67467",001-213-935-4810x5207,Single,0
311,Alicia,Gibbs,"17815 Matthew Throughway, Aprilmouth, MT 90493",(801)851-3687x11988,Married,3
312,Michael,Barnes,"Unit 5020 Box 8237, DPO AP 53172",307-210-3236x39018,Divorced,3
313,Heather,Best,"639 Morris Causeway, South Erica, IL 39169",001-435-514-2339x93397,Married,5
314,Eddie,Campos,"051 Donna Fields Apt. 470, Port Stephen, CT 99338",(468)322-4453x765,Single,0
315,Henry,Hess,"35252 Christopher Stream Suite 744, Port Raymondport, VT 86783",501-657-0408,Single,0
316,Bradley,Browning,"409 Nicole Trail Suite 476, Lake Carolyn, LA 94766",+1-772-305-2001,Widowed,3
317,Susan,Garcia,"292 Dunn Lodge, Port Christina, WI 74012",856.386.3218x96810,Divorced,2
318,Deborah,White,"Unit 6442 Box 2284, DPO AP 11729",001-311-923-0869x578,Married,1
319,Michael,Robinson,"230 William Knoll Suite 575, West Edwardmouth, PW 60895",556.615.8087,Widowed,2
320,Ana,Glover,"9022 Lisa Coves Apt. 113, Port Anthony, AR 98589",677.546.3199x14236,Married,0
321,Anne,Young,"030 Amanda Squares, Jeanchester, NE 12031",+1-912-362-4061x57080,Widowed,2
322,George,Phillips,"4135 Jackson Square Suite 558, Lake Anthonyport, MA 18591",979.451.8835x086,Single,0
323,Crystal,Davis,"106 Teresa Roads, New Sean, DC 15414",001-552-793-7251x276,Widowed,1
324,Carla,Adams,"0166 Vanessa Underpass, Wendyside, IA 47976",868.559.5923,Married,4
325,David,Thomas,"Unit 6956 Box 2028, DPO AP 44794",+1-915-956-4284x90643,Divorced,1
326,John,Rodriguez,"78515 Hayes Pass Apt. 959, Rodriguezchester, NJ 57098",6493987509,Widowed,0
327,Brian,Hart,"09062 Hughes Meadows, Joeberg, IN 75773",(644)497-4330x342,Divorced,5
328,Barbara,Gardner,"847 Katherine Roads, Bakerhaven, FM 59026",779.222.1928,Divorced,4
329,Keith,Jones,"USNS Walker, FPO AA 95148",(827)761-8916x007,Widowed,3
330,Anthony,Logan,"8964 Jones Hollow, Lake Lisahaven, OK 99787",257-959-1010x1973,Single,0
331,Michael,Figueroa,"2098 Dalton Camp Suite 478, Lake Lauren, GA 62421",795.221.3084,Widowed,5
332,Derek,Jackson,"418 Lewis Drive Suite 315, New April, WV 30070",001-996-826-8892,Divorced,0
333,Stacy,Shepherd,"54789 Michele Circle Apt. 632, Ryanhaven, TX 07980",738.408.4796x863,Divorced,4
334,Patrick,Hopkins,"630 Kimberly Estates, Claytonton, DE 26962",001-992-394-2684x018,Widowed,3
335,Mark,Banks,"56875 Christopher Mews, North Zacharybury, NC 51855",(269)567-2156x78844,Married,1
336,Ashley,Wright,"956 Alvarez Ways Apt. 467, Georgemouth, MP 06662",901-310-0936,Widowed,4
337,Timothy,Miller,"798 Perez Field Suite 701, West Terri, WA 54896",001-678-432-1864,Single,0
338,William,Mayer,"815 Santiago Summit, Michaelburgh, PA 07255",+1-692-491-3340x948,Married,5
339,Kelly,Lawrence,"USNS Watson, FPO AE 79915",(377)480-0120x19960,Married,4
340,Rebecca,Wilkerson,"99425 Walker Rest, Jonesfort, DC 25445",001-898-900-2352x67996,Widowed,5
341,Sean,Ross,"7071 Campbell Shores, New Rebecca, TX 98279",9576180135,Married,4
342,Timothy,Salinas,"0581 Sanders Hills Apt. 862, Williamsmouth, DE 45247",001-589-426-8163x227,Widowed,0
343,Damon,Dawson,"79246 Christopher Green Suite 217, East Lisaport, MO 96325",001-793-355-7759x76569,Married,3
344,Brett,Wright,"38384 Lee Spurs Suite 262, South Justin, GU 71145",001-591-791-3561x492,Divorced,0
345,Dylan,Brown,"5735 Gonzales Rest, Webbberg, ND 20978",001-990-873-5564x691,Married,3
346,Carolyn,Bennett,"422 Andrew Ridge Apt. 041, South Mariaport, ID 13017",893.222.1310x6269,Married,0
347,Michael,Cruz,"USNV Sanders, FPO AA 15107",001-353-763-0117x689,Single,0
348,Kristin,Delgado,"0444 Hayden Parks Suite 950, West Madisonview, MO 43958",001-775-576-4126x5274,Single,0
349,Dawn,Miller,"4903 Mcintosh Inlet, South Andrefort, AS 11531",272.757.5052x496,Married,0
350,Aaron,Lewis,"52927 Allen Views, New Adriana, ME 30821",799.957.2267,Single,0
351,Lisa,Garza,"33351 Dawson Flat Apt. 109, Dawnhaven, MH 86592",483-470-1699,Widowed,2
352,Olivia,Robinson,"5638 Laura Cove Suite 171, New John, ID 84180",001-822-504-9583,Divorced,0
353,Mark,Cooper,"21915 Hannah Corner Apt. 173, Moniquefurt, IN 13183",848-615-3811,Widowed,0
354,Brooke,Baldwin,"097 Smith Villages, Port Dakotaburgh, TN 47881",(844)983-3161x0355,Widowed,5
355,Linda,Douglas,"1181 Lauren Place Apt. 773, East Jonathan, CO 62419",5366747595,Married,1
356,Jeffrey,Blanchard,"36294 Carmen Island Apt. 218, East Linda, MS 77696",903-926-7299x85749,Single,0
357,John,Elliott,"0989 Kim Mountains Apt. 333, Lake Angelaside, KY 25436",(609)305-0310x7067,Widowed,0
358,Natalie,Smith,"91146 Gray Passage, Millsview, ID 40412",803-428-5922,Widowed,0
359,Elizabeth,Velez,"38835 Troy Ways, East Angelatown, AZ 93162",+1-339-802-1301x5143,Widowed,0
360,Colleen,Bradley,"80939 Brandi Valleys, West Mary, MD 52285",001-578-289-5343x9694,Married,2
361,Chase,Alexander,"6089 Schmitt Prairie Suite 103, Johnsonhaven, DE 57577",+1-389-404-7975,Married,1
362,Steven,Robertson,"23126 Conner Park Suite 446, Lake Sara, NJ 39158",7585562938,Widowed,2
363,Warren,Sims,"1043 Thompson Throughway Apt. 028, Port James, AS 89537",001-434-915-1038x7017,Single,0
364,Justin,Mcdaniel,"7179 Vance Cape Suite 725, Braunfurt, AS 03111",(379)449-3683x9486,Divorced,1
365,Joseph,Mullins,"3219 Adams Island, West Nancyburgh, MH 98737",(269)278-1251x79613,Married,3
366,Kristen,Mitchell,"72820 Smith Walks, Davidburgh, DE 08134",+1-558-711-2189x7643,Single,0
367,Frank,Baker,"PSC 8234, Box 9227, APO AP 91240",219-866-0505x7168,Divorced,3
368,Marcus,Mason,"2696 John View, Torresborough, GA 49212",8394764161,Widowed,0
369,Jeffrey,Sandoval,"756 Katie Underpass, Kirkport, WY 88561",746.821.8665x952,Single,0
370,Beverly,Powell,"7624 Charles Canyon, New Johnfort, SD 93283",(709)709-2161x850,Single,0
371,Laurie,Oneal,"USCGC Ferguson, FPO AA 96520",(493)492-4836,Married,2
372,Suzanne,Lynch,"062 Robinson Field Suite 469, Lake Barbara, ID 22445",434-593-3137x822,Single,0
373,Brandon,Murphy,"18742 Alexander Corners, Thompsonland, MS 03918",001-347-924-3234x51216,Divorced,5
374,Christina,Stuart,"4445 Brown Walks, Dianabury, FL 81621",330-564-3603x80427,Single,0
375,Megan,Anderson,"1811 Samantha Circles Apt. 448, Christopherland, KS 30971",607.762.9492,Single,0
376,Jade,Schmidt,"Unit 4252 Box 3064, DPO AA 66998",822.628.2179,Divorced,0
377,Joel,Perez,"PSC 6246, Box 9106, APO AA 28392",001-467-823-3773x0247,Single,0
378,Gregory,Sweeney,"3081 Douglas Village, New Krystalport, NJ 79863",+1-394-546-6375,Married,2
379,Jason,Perry,"4435 Sandra Views Apt. 027, Walkerport, CT 32862",+1-995-559-1948x410,Widowed,4
380,Albert,Mcdonald,"110 Justin Ports Suite 392, North Tommy, VA 86248",8906737949,Married,4
381,Laura,Moses,"Unit 1521 Box 6299, DPO AE 64354",385-494-6825x702,Divorced,1
382,Danielle,Evans,"5539 Hernandez Prairie, Martinland, NJ 49141",912.801.3373x845,Single,0
383,Lori,Bowen,"032 Caleb Grove Apt. 234, Port Brian, AR 79586",533.777.4909x828,Widowed,4
384,Selena,Brady,"936 Heather Springs Suite 566, South Barbara, AR 83937",575.736.7934x6576,Widowed,4
385,Virginia,Coleman,"PSC 1153, Box 1990, APO AP 75175",7817797359,Widowed,3
386,Gerald,Torres,"19225 Kristie Run, Brandonport, GU 21952",+1-396-887-1029x6832,Widowed,0
387,Sheri,Bean,"07590 Kelly Highway Apt. 135, Jaredtown, MA 21681",(782)774-3502,Divorced,0
388,Craig,Willis,"67233 Gregory Springs Suite 791, Wilcoxmouth, AL 96555",679.840.1591x225,Married,5
389,Andrea,Huang,"8762 Hopkins Corners Suite 725, East Stevenport, CA 63528",455.583.2530x269,Divorced,3
390,William,Waller,"37318 Joyce Dam, Port Richardton, SC 54779",+1-811-636-5191x71320,Divorced,4
391,Maria,Bates,"554 Vincent Turnpike Suite 957, New Heathershire, OK 79973",(397)252-1460x5053,Single,0
392,Andrew,King,"75759 Mills Terrace, West Matthew, PA 65719",445.419.8965,Widowed,5
393,Joshua,Miller,"617 Mark Flats, Wallport, MI 66910",(965)236-4769,Widowed,3
394,Marie,Camacho,"USCGC Ruiz, FPO AE 78614",001-597-317-3535x9536,Divorced,1
395,Juan,Marshall,"8940 Julie Mission Suite 179, Jamesside, TN 21842",237-503-3435,Widowed,4
396,Steven,Lopez,"863 Leslie Ways Suite 049, Carterburgh, IA 35653",(660)691-6203,Widowed,5
397,Devin,Palmer,"3907 George Canyon, Brittanyland, GU 74575",001-826-235-9831x352,Single,0
398,Aaron,Davenport,"42845 Fletcher Ways, South Erikashire, CO 33871",740.235.9684,Married,0
399,Nicholas,Nelson,"266 Brenda Via Suite 620, North Denisebury, ME 13953",(600)667-2009,Single,0
400,Robert,Cruz,"043 Sharon Creek Apt. 887, Lisaburgh, MP 12717",753.254.5987x5264,Married,4
401,Elizabeth,Johnson,"266 Bianca Grove Suite 212, Robertsonstad, UT 76213",286.715.1677x8473,Married,1
402,Krista,Perez,"2302 Robert Point, Ortizstad, CT 45839",001-652-335-5266x794,Married,5
403,Rebecca,Ray,"1838 Thomas Crest Apt. 795, Port Robert, SC 00995",234-389-0740x6871,Divorced,4
404,Bradley,Woodward,"5733 Johnson Hill, North Kelsey, ME 75428",985-575-6593x80798,Widowed,3
405,Rebecca,Hudson,"12739 Green Burg Suite 571, Alexandraview, WI 22090",(805)314-4194x4830,Divorced,5
406,Wanda,Brown,"2796 James Springs, Mollyville, MA 38387",601.234.5166x8488,Married,5
407,Lori,Mendoza,"129 Wilkinson Village Suite 953, Shafferfort, GU 48380",664.910.6095,Single,0
408,John,West,"39413 Stephanie Shoal Suite 167, Deborahfort, IL 23486",(940)607-8077x72786,Married,5
409,Cameron,Wells,"853 Green Mission Apt. 873, Craigville, OR 37328",001-520-878-0215x169,Married,3
410,Christopher,Carter,"23141 Katherine Ferry, New Rachel, TN 11155",+1-504-725-8444x18877,Widowed,5
411,Brent,Solis,"6287 Phelps Well, New Davidshire, CA 67366",4039786623,Widowed,4
412,Alicia,Cunningham,"080 Wagner Manors, Moorechester, AZ 42043",492.416.9419,Widowed,1
413,Jason,Hall,"34903 Davis Mission, Emilyville, OK 04979",+1-308-850-3189,Divorced,1
414,Willie,Gonzalez,"Unit 6375 Box 1028, DPO AP 56854",807.503.9052x89080,Widowed,3
415,Thomas,Martin,"Unit 1983 Box 0065, DPO AE 83042",(543)777-5296,Single,0
416,Ryan,Sanders,"738 Dustin Neck Apt. 581, Melvinstad, MO 75827",(289)211-2987x140,Divorced,0
417,Kaitlyn,Mcfarland,"66846 Jeffrey Forks Apt. 256, Grossport, HI 02232",3737885878,Widowed,1
418,Carol,Reyes,"USCGC Cohen, FPO AE 86583",788-975-2027x8332,Single,0
419,Allen,Hart,"465 Hanson Valleys Suite 569, Jodimouth, VA 46280",4114214381,Single,0
420,Stephen,Lucero,"25461 Christopher Fords, Pattersonport, LA 18949",2545138294,Married,2
421,Molly,Heath,"0803 Hoffman Well, New Tonya, PW 27002",001-794-844-7782,Single,0
422,Cody,Anderson,"0313 Evans Islands, East Benjaminview, MN 52832",+1-679-744-9542,Single,0
423,Emily,White,"341 Raymond Mountains, Samuelland, SD 12409",(519)572-6020x095,Divorced,4
424,Richard,Sweeney,"0118 Riggs Pine, Zacharyville, VA 77200",+1-910-808-6546x020,Widowed,1
425,David,Flynn,"822 Christina Shoals, Harmonchester, RI 87594",+1-984-480-0194,Divorced,0
426,Debra,Rodriguez,"670 Eric Rapids Apt. 124, New Tommyhaven, TN 29158",5833441208,Widowed,0
427,Victoria,Williams,"845 Long Fork Apt. 049, Port Matthew, MA 28483",+1-544-349-7941x556,Widowed,3
428,Timothy,Smith,"6171 Moore Forks, Alexismouth, CO 70123",461-826-1300,Widowed,3
429,Alexis,Walker,"088 Anderson Plains Apt. 111, Port Heatherfort, MI 34847",619.533.8897x80139,Widowed,4
430,Stephen,Garcia,"USS Steele, FPO AE 82873",(778)970-6205,Single,0
431,Stephen,Parsons,"057 Jesse Mission, Lake Christopher, MA 53727",(319)832-9936x8765,Widowed,5
432,Carolyn,Herrera,"67143 Eric Stream, New Prestonmouth, AR 93953",438.431.0245,Widowed,0
433,Melissa,Martin,"37350 Ford Crossroad, Jakeview, AK 63129",763.768.3123x04776,Single,0
434,Sierra,Greene,"21562 Howell Expressway Suite 271, Raymondstad, CA 88955",833.848.3600,Divorced,5
435,Nicole,Mata,"6699 Jennifer Square, New Vincent, NY 88757",(858)779-9570x0541,Divorced,5
436,Sherry,Carlson,"036 Robinson Locks Suite 695, Angelafort, NV 13814",931-866-3762x36053,Divorced,4
437,James,Martinez,"4666 Burns Spurs Apt. 149, West Robertfurt, WA 21326",721-915-5505,Divorced,1
438,Timothy,Lynn,"77100 Davis Green, New Nicoleport, NC 93409",(616)395-0075x583,Divorced,0
439,Antonio,Mullins,"4325 Wayne Rest, Theresaburgh, ME 62752",671.869.2385x750,Widowed,3
440,Matthew,Mitchell,"734 Thomas Stravenue Apt. 488, Estradamouth, VI 46593",(357)980-5347,Divorced,3
441,Alexa,Holmes,"498 Gaines Branch Apt. 432, Catherinefort, VA 06572",391.223.0727x7886,Widowed,5
442,James,Barrera,"919 Hicks Shore Suite 847, West Terri, CO 40035",309.549.9429,Widowed,3
443,Tonya,Rogers,"14802 Alyssa Ville Apt. 130, Port Jessica, KS 55563",+1-428-691-4475x421,Single,0
444,Monica,Silva,"4309 Troy Hollow, Michellefurt, IN 44753",7675779292,Divorced,1
445,Michael,Rodriguez,"921 Jessica Falls Suite 125, Shannonview, RI 67544",253.363.0535,Single,0
446,Sandra,Wilson,"509 Diana Row, Lake Alanside, WV 51356",8072281077,Married,1
447,Linda,Ford,"8748 Bowman Coves, Amandamouth, WV 63831",554.525.5618,Divorced,1
448,Ann,Flores,"144 Cindy Run Suite 965, Gillmouth, PR 14242",9276584915,Married,3
449,Tammy,Hull,"5400 Johnson Squares, Williamtown, KS 12379",309-501-7049x306,Married,1
450,Jordan,Harmon,"576 David Dale Apt. 037, South Courtney, MA 05867",001-832-528-4024x465,Widowed,5
451,Alexander,Hudson,"3683 Ali Throughway Suite 080, South Johnton, MH 16728",807-493-0618x33009,Single,0
452,Bailey,Mack,"4902 Barton Lake, East Chloe, SC 26203",+1-484-510-8473x502,Widowed,4
453,Brian,Buchanan,"0076 Gary Mills, Port Anabury, TX 25371",6099011949,Married,2
454,Jeffrey,Ewing,"50831 Jennifer Plaza Suite 898, South Mark, MN 86292",001-273-860-7240x35589,Divorced,0
455,Jennifer,Brown,"PSC 7900, Box 4901, APO AE 42128",(773)530-8396x61981,Married,2
456,William,Smith,"3339 Krista Lights, Clarkfurt, NM 11243",6863858862,Divorced,1
457,Kyle,Mccoy,"USS Chase, FPO AE 60696",681.849.7324,Divorced,2
458,Robert,Green,"494 Jasmine Stream Suite 965, Lake Laura, KS 39272",(761)821-8923,Married,4
459,Patricia,Cantu,"4763 Jeremiah Hollow Apt. 865, Fritzville, NC 70599",837.870.9637,Widowed,2
460,Stephanie,Kelly,"0477 Nguyen Groves Apt. 444, North Dawn, VA 46495",294-556-0592x8701,Married,1
461,Veronica,Mitchell,"860 Williams Island Suite 992, Mooreview, MP 61124",3683890311,Divorced,2
462,Keith,Herring,"137 Rodney Orchard, North Jacqueline, WA 04107",240-799-7511,Single,0
463,Paul,Jones,"10390 Kenneth Islands, Port Sharon, ID 59634",+1-409-228-8956x196,Widowed,5
464,Richard,Le,"PSC 3759, Box 0093, APO AA 90271",7213919396,Divorced,2
465,Cassandra,Sharp,"903 Clarke Run, Lake Joymouth, SD 70516",7028565244,Divorced,0
466,Lisa,Garcia,"USCGC Obrien, FPO AP 30339",+1-642-525-3076x63884,Divorced,5
467,Linda,Hughes,"Unit 7054 Box 2792, DPO AE 02834",359-495-6989x1064,Single,0
468,Melissa,Taylor,"238 Lauren Fall Apt. 690, East Kimberly, RI 85863",001-964-867-0597x208,Single,0
469,Austin,Woods,"2621 Simpson Wells, Lake Terri, KY 09760",516-885-1478x4728,Married,0
470,Michelle,Vargas,"171 Elizabeth Walk Suite 617, Delacruzside, MH 91338",809.873.8009,Married,3
471,Sarah,Copeland,"60208 Larry Rest, West Deanna, NV 03376",(222)810-5559,Widowed,1
472,Jessica,Payne,"4934 Gomez Squares, North Martinburgh, NE 69185",(798)983-3983,Divorced,4
473,Jessica,Becker,"8515 Johnson Meadow Apt. 050, Gomeztown, NH 36310",278-240-8293,Divorced,0
474,Travis,Reid,"Unit 9853 Box 4863, DPO AA 26721",499.984.6497,Single,0
475,Kirsten,Hernandez,"700 Robert Drive, Veronicaborough, NM 78727",+1-930-818-5312,Single,0
476,Brian,Taylor,"34701 Rodney Springs Suite 495, Sandraburgh, NV 41139",001-316-480-2112x584,Widowed,0
477,Carrie,Miller,"643 Johnson Falls, Wilkinsfurt, WV 45205",258-460-3312x38123,Single,0
478,Mary,Beck,"35062 Frank Route Apt. 761, Tranland, TX 63940",(708)640-5016,Single,0
479,Courtney,Petersen,"69849 Robert Mills Apt. 848, Taylortown, CT 74401",(663)298-4620x461,Married,4
480,Bryan,King,"USCGC Long, FPO AA 21532",842-580-6848,Married,2
481,Aaron,Petty,"0363 Kevin Roads, North Brianfort, MA 15633",001-468-287-7737x65312,Married,0
482,Sarah,Bates,"596 Bradley Stravenue, West Martinmouth, CT 71815",861-273-0374,Single,0
483,Mary,Henderson,"2442 Velasquez Oval Apt. 496, North Pamelashire, WI 89165",704.825.7074,Married,4
484,Stephen,Williams,"4910 Dixon Crossroad Apt. 050, Lake Diana, SD 29279",(653)937-3850,Single,0
485,Stephen,Thompson,"665 Delgado Points, Donaldhaven, SD 68959",432-502-7445x2808,Single,0
486,Joel,Bradley,"39926 Ian Plain Apt. 628, East Alicia, HI 19320",001-796-429-3069x56827,Single,0
487,Jason,Smith,"8783 Miller Brooks Apt. 990, Clinetown, MH 88838",(329)374-2968x44148,Widowed,0
488,Dawn,Hernandez,"0562 Miller Station, Christopherfort, MN 10135",825-988-8618,Married,5
489,Peter,Gardner,"9441 Williams Stravenue Apt. 512, Harrellchester, KS 70841",506.267.7567,Widowed,3
490,Anthony,Lowe,"59866 Jasmine Fall, East Nicoleberg, PR 71129",306.560.0733x31304,Married,1
491,Tyler,Brooks,"34203 Smith Cove Suite 188, Crystalfort, MD 63582",(336)737-5547,Divorced,1
492,Ellen,Hale,"9339 Simmons Bypass, Bartonstad, NE 15528",(409)979-3269x5376,Widowed,0
493,Sarah,Holmes,"597 Kimberly Ville Suite 525, Port Donaldmouth, WI 85951",(455)772-1255x57525,Divorced,1
494,Dawn,Reyes,"5793 Anderson Crest Apt. 061, Port Davidhaven, TN 37635",+1-595-684-1924,Widowed,2
495,Ashley,Mendoza,"38103 Mcdaniel Cliffs Apt. 850, Sierraville, NM 80960",849.945.7268,Married,0
496,David,Adams,"684 Thomas Extension, Randyfort, NV 73737",777-392-9273,Married,2
497,Candice,Clarke,"2779 Kyle Plaza Suite 811, Harrismouth, AK 02608",(669)878-7245x41900,Single,0
498,Kyle,Rodriguez,"0084 Hernandez Radial Apt. 217, New Annaville, MP 48792",001-990-442-7879x271,Divorced,1
499,Daniel,Young,"353 Cindy Harbors Suite 192, Port Gregorytown, NM 08955",001-538-558-3597x186,Married,2
500,Debra,Reed,"6714 Duran Islands, Gonzalezbury, OK 09753",994.921.6219x14871,Divorced,0
501,Jesse,Russell,"228 Wang Squares, North Ashleyport, CT 15499",+1-506-874-2449x7880,Single,0
502,Tiffany,Beck,"6826 Anne Ports Suite 307, Stevenland, MO 05667",001-811-710-0513x274,Widowed,0
503,Laura,Jackson,"617 Smith Villages, Lake Carlosfort, KS 06579",366-340-2974,Widowed,0
504,Susan,Brown,"60249 Steven Mission Apt. 768, Port Victor, ME 83676",(258)689-2328x2972,Married,4
505,Brian,Robinson,"214 Sabrina Cove Suite 629, West Saraland, AR 16774",814-741-8679x929,Widowed,4
506,Steven,Rivera,"72890 Moore Points Apt. 665, Brownville, NC 28723",(708)820-0675x22630,Widowed,2
507,Ryan,Daniel,"695 Holmes Corners, Erichaven, MD 02468",327.773.1162,Divorced,1
508,Jeremy,Smith,"74269 Lucero Route, North Jimmy, CO 61068",+1-327-722-6305,Married,4
509,Lauren,Shelton,"67265 Bernard Prairie Suite 773, Smithhaven, AS 35302",(348)701-6552x0187,Single,0
510,Dwayne,Miller,"533 Graves Garden Apt. 582, Timothyton, MS 10555",(277)619-8417,Widowed,5
511,Rebecca,York,"PSC 3547, Box 5726, APO AE 47705",617.993.1807x65286,Married,4
512,Zachary,Ford,"207 Ronnie Haven Suite 900, New Russell, LA 93134",+1-628-709-0764,Widowed,3
513,Patrick,Fowler,"395 Alvarez Overpass, North Michael, MH 33800",(927)228-8857,Married,5
514,Kathryn,Welch,"01038 White Coves, Zacharyville, VT 74687",+1-276-518-0088x9185,Widowed,0
515,Andrea,Rush,"13001 Phelps Neck, Williamsstad, GA 23812",540-832-6186x145,Widowed,2
516,Danielle,Marshall,"677 Eddie Port, North Christopherfurt, DE 22761",(945)747-3517,Married,5
517,Brian,Harrison,"76172 Jamie Bridge Apt. 965, Warrenfurt, NY 48640",447.703.3684,Divorced,0
518,James,Stevenson,"5652 Kimberly Pike Apt. 090, West Ellenstad, TX 94181",995-882-0916,Divorced,2
519,Kimberly,Nguyen,"4617 Nicole Island, South Savannah, VA 34714",301-831-7722,Widowed,3
520,Rebecca,Campbell,"0188 Kelly Union, East Kristina, GU 72623",952-553-1292,Widowed,2
521,Tammie,Hoover,"136 Brown Ramp Suite 030, Jordanside, TX 25285",750-583-1356x33921,Widowed,2
522,Joel,Miller,"76384 Bond Light, Aaronchester, LA 95334",(416)490-6774x0244,Married,4
523,Jesse,Thornton,"409 Hernandez Burg Suite 198, North Victoria, VI 17430",(450)586-7785,Married,5
524,Peter,Marsh,"9431 Hall Tunnel Suite 889, South Lisaport, MN 19678",571.705.9631x48896,Married,5
525,Kathleen,Rose,"505 Gabriel Streets, Townsendmouth, MP 95048",+1-632-286-4418x76515,Married,2
526,Kelly,Lozano,"5118 Cruz Rest, North Paulburgh, WY 96889",971.448.2400,Widowed,1
527,Mark,Marsh,"345 Cole Shoal, Jessicaview, PA 13570",565-544-3970x004,Single,0
528,Joseph,Crane,"356 Scott Club Suite 905, Lake Staceymouth, TX 33087",493.454.9033,Single,0
529,Maureen,Peterson,"981 Garrison Trail Apt. 542, New Matthewburgh, WI 10000",213.354.7487,Divorced,2
530,Laurie,Owens,"Unit 7994 Box 9304, DPO AE 53299",824-239-7930,Single,0
531,Reginald,Robinson,"701 Raymond Track Apt. 765, North Connieborough, LA 83902",689-994-5852x009,Divorced,0
532,David,Underwood,"35639 Burke Turnpike, New David, AK 79295",(655)343-7773,Married,5
533,Andrew,Jacobs,"572 Rachel Curve Apt. 025, Shepherdport, MO 12061",502-940-2803,Married,0
534,Daniel,Mccarthy,"270 Jeffery Ferry Apt. 308, Kristinville, IL 28631",(550)804-1097,Widowed,2
535,Jeff,Bass,"506 Knight Fields Suite 243, Seanstad, ME 81221",(239)300-6408x587,Single,0
536,Jason,Guerrero,"93353 Roberts Extensions Apt. 474, Anthonytown, NY 74399",(367)284-1467x166,Divorced,0
537,Adriana,Cochran,"USCGC Navarro, FPO AA 67633",(293)630-9186x738,Divorced,4
538,Taylor,Key,"5706 Gomez Parkways Suite 096, Michaelfurt, MP 21270",442-911-7187,Married,2
539,John,Hicks,"5183 Rivera Gardens Apt. 871, Port Daniel, OH 54686",001-841-884-3457x782,Divorced,1
540,Kathleen,Smith,"Unit 6785 Box 7616, DPO AP 23843",001-870-642-0144,Divorced,0
541,Todd,Mills,"2133 Carolyn Burgs Suite 942, Michaelfurt, ME 38911",+1-913-768-6832x967,Single,0
542,Luis,Mcclain,"3186 Keith Creek Suite 327, North Mitchell, MI 54060",939.746.8899x436,Widowed,3
543,Zachary,Haney,"17836 Jonathan Lakes Apt. 132, Hernandeztown, MO 30882",001-377-989-2787,Married,0
544,Terri,Gonzalez,"17579 Howard Viaduct, Lake Katherineland, OH 35242",731-733-6983x27274,Single,0
545,Ashley,Morse,"1134 Torres Greens Apt. 809, North Anthony, NH 35678",995-489-5846x9918,Single,0
546,Anthony,Wright,"PSC 5109, Box 3646, APO AE 55357",936-855-6174x34678,Single,0
547,Melissa,Robertson,"1544 Martinez Dale, South William, MS 08484",666-816-1477,Single,0
548,Gabriel,Moon,"64205 Amanda Place Apt. 466, Greenstad, TN 89262",6558124970,Married,1
549,Danielle,Burton,"64636 Jeanne Ports Suite 877, West Jody, MI 34211",707.935.9764x4880,Widowed,0
550,Courtney,Martin,"98849 Jennifer Port, South Thomas, IA 00886",001-208-697-5457,Single,0
551,Joshua,Gardner,"85936 Grant Square Suite 818, Lake Deborah, IA 19786",361-352-0109x3822,Widowed,4
552,Matthew,Smith,"Unit 4516 Box 0092, DPO AE 46743",+1-819-430-8129x1532,Married,1
553,Kathryn,Day,"2285 Gardner Viaduct, Bushfurt, SC 56073",359-220-7619x7350,Married,3
554,Brenda,Gardner,"70982 Ellen Estate Suite 351, Conradshire, CT 37436",(642)851-0613x7409,Single,0
555,Barbara,Moore,"3500 Alexander Curve, Hubbardland, NV 62847",+1-293-284-7419x32295,Single,0
556,Karl,Spears,"Unit 0611 Box 4655, DPO AP 05977",780-507-3543x64262,Single,0
557,Anthony,Perez,"177 Tracie Avenue, East John, KY 10866",249.406.3743x29793,Widowed,3
558,Christopher,Gonzales,"44844 Gutierrez Trace Apt. 964, South Danielville, TN 09149",+1-583-912-8195x40581,Married,1
559,Christopher,Cooper,"21159 Parker Mills Apt. 635, Smithland, LA 96566",(402)742-3509x377,Widowed,5
560,Anthony,Reynolds,"347 Jacob Vista, West Keithhaven, AR 71639",001-598-862-3763,Widowed,1
561,Brandon,Bates,"1376 Lee Oval Suite 052, Briggsport, ME 65706",874.535.2775x53615,Married,1
562,Jorge,Ferguson,"316 Vega Springs Suite 863, Hayneshaven, MI 18224",215.477.4326x48199,Divorced,1
563,Angela,Reid,"647 Jason Villages, Harrisborough, WV 60274",(350)336-3775x14487,Widowed,2
564,Adrian,West,"068 Hall Course Suite 857, Jonesborough, RI 51008",846.740.4996x20553,Widowed,3
565,Brent,Golden,"Unit 1494 Box 5033, DPO AE 08904",(238)889-9982x643,Married,2
566,Janet,Rogers,"0726 Hall Port, Williamshaven, OH 15831",275-607-6231,Married,0
567,Stacey,Perez,"75917 Flowers Gateway, Ericport, GU 99064",(408)885-7351x43260,Widowed,1
568,Holly,Roth,"30290 Harris Grove, New Michael, DC 32794",001-634-854-9858x6200,Single,0
569,John,Ortega,"PSC 2041, Box 0757, APO AE 14060",+1-419-436-5189x9953,Divorced,2
570,Lauren,Chan,"401 Shannon Shore, Jenniferside, FM 35599",810-249-7845,Married,2
571,Daniel,Martinez,"790 Jennifer Drive, Parrishview, RI 12254",249-366-6969x7945,Divorced,2
572,Rodney,Franklin,"0233 Shannon Glens, South Kenneth, NH 46538",(855)251-7014x42130,Widowed,0
573,Benjamin,Allen,"9444 Anthony Extension, New Deborah, CO 40039",001-658-236-3741,Married,5
574,Lauren,Wells,"6616 Casey Wall, East Juanfort, TX 93087",738-430-3692x155,Widowed,5
575,Jaime,Garza,"643 Randy Fork Apt. 346, Nicholastown, NM 79297",915-485-4327,Single,0
576,Douglas,Sanders,"USS Horne, FPO AP 18520",820.291.8553,Divorced,1
577,Tiffany,Hoffman,"02506 Ariel Ridge, East Nicholas, CT 96818",457.493.6181x8345,Divorced,5
578,Melissa,Thompson,"USS Smith, FPO AE 85510",783-363-9550x8108,Divorced,2
579,Deborah,Tran,"Unit 8158 Box 7675, DPO AE 92590",929-497-5001,Widowed,0
580,Daniel,Rogers,"4773 Walker Harbors Suite 217, Manuelstad, MA 49061",+1-715-515-4603x0958,Widowed,3
581,Sydney,Murphy,"Unit 2971 Box 3925, DPO AP 70389",2308359239,Married,4
582,Michael,Cline,"0282 Joseph Parkway Apt. 601, South Peterbury, DE 32356",763.455.6284,Single,0
583,Victor,Wall,"75870 Tiffany Green, East Joshua, FL 64092",(463)525-1090,Widowed,3
584,Jeffrey,Spence,"USS Cook, FPO AA 39762",001-558-966-5229x938,Married,3
585,Eric,Martin,"65093 Lane Centers, Laraburgh, UT 43014",(806)312-6966x900,Divorced,1
586,Mary,Mendez,"0782 Diane Turnpike Apt. 793, New Edwin, MS 12124",870-728-0632x9369,Single,0
587,Rebecca,Roberts,"92566 Wyatt Viaduct Suite 049, Hayesborough, MI 64817",+1-587-203-1181,Divorced,5
588,Matthew,Wilson,"24038 Sarah Lake, Port Davidland, TN 48397",+1-566-877-3515x467,Widowed,3
589,Zachary,Peters,"27411 Joshua Forges Apt. 388, Taylorfort, AK 94606",+1-299-554-8668,Married,2
590,Elizabeth,Ellis,"484 Samuel Trail, Dixonfort, CA 68659",(240)950-3052,Single,0
591,Lauren,Collins,"42767 Rachel Crescent, Martinezberg, NH 78362",636.865.3043x29964,Divorced,3
592,Sean,Francis,"26757 Tiffany Squares, Jefferyfurt, KY 83807",(365)355-8289x347,Married,1
593,Laura,Blanchard,"201 Christine Branch Apt. 214, Markbury, OR 82379",(534)413-3527,Married,5
594,Jerry,Grimes,"523 Holloway Bridge, South Amandabury, NJ 61181",001-347-842-8157x8541,Widowed,0
595,Kayla,Hanson,"USS Savage, FPO AP 30541",634.575.5683,Divorced,4
596,Melissa,Gonzalez,"8776 Sullivan Motorway, North Julieberg, AK 91238",(923)620-8179x1606,Divorced,1
597,Sandra,Goodman,"7997 Sutton Fields Suite 481, West Michaelhaven, VI 54951",604-208-7662,Widowed,1
598,Tracy,Molina,"PSC 2308, Box 1383, APO AE 39645",001-499-274-4174,Married,1
599,Eileen,Brown,"631 Mejia Manor Suite 216, Allenside, OH 17164",804-499-6270x48211,Divorced,5
600,Krista,Robertson,"695 Yolanda Garden, Lake Charlesmouth, NC 54474",866-656-7390,Widowed,0
601,Brittany,Anderson,"79709 Veronica Isle, Henryville, ME 74517",678.985.2937,Single,0
602,Ronnie,Warren,"Unit 5766 Box 7182, DPO AP 04279",978.405.9412x125,Married,4
603,William,Collins,"330 Ramirez Green, Kimberlyshire, CT 78431",885.536.4210,Divorced,5
604,Michele,Garcia,"543 Robert Fords, Hannahfort, KY 62488",(831)655-9135x470,Widowed,5
605,Heather,Ortiz,"88958 Glenda Ferry, Port Bonnie, DE 59312",228.489.7034x889,Widowed,2
606,Joseph,Davis,"939 Pope Canyon, Lake Jeremyfurt, AZ 41363",752-389-5912,Single,0
607,William,Miles,"377 Murray Village Suite 056, Adamsside, MA 88937",(210)858-3781x455,Divorced,1
608,Jillian,Wood,"36981 Autumn Views, Jamesstad, CT 15442",(401)288-1335,Widowed,2
609,Laura,Cardenas,"1080 Steven Estate, Lehaven, MN 08695",001-615-310-8509x01487,Widowed,0
610,Robert,Jackson,"794 Payne Bypass Suite 127, Pattersonborough, KS 65707",(632)210-2115x8246,Divorced,1
611,Angel,Wood,"7871 Fox Ports Apt. 230, South Philip, KY 05103",(998)955-5326x34476,Married,2
612,Randall,Atkinson,"110 Kristy Canyon Apt. 400, West Donna, ND 90324",+1-871-230-4538x45121,Divorced,4
613,Jonathan,Carroll,"0079 Higgins Via, Parkershire, MI 67657",001-725-590-1189x0318,Widowed,1
614,Felicia,Price,"953 Ramirez Fork, East Jill, HI 12226",001-494-771-1205x205,Married,0
615,Sarah,White,"28134 Tanner Pike Apt. 046, West Paul, WI 63714",(380)446-3227x0926,Married,1
616,Scott,Williams,"13983 Patrick Green, West Sandrahaven, WA 52014",+1-526-870-5468x7102,Married,4
617,Mitchell,Russell,"24158 Nathan Valley Suite 308, West Helen, MS 45758",911.955.3910,Single,0
618,Derrick,Cooper,"814 Travis Via Suite 650, Marciahaven, IA 00611",001-870-430-8540x9817,Single,0
619,Gregory,Lucas,"Unit 5128 Box 7313, DPO AA 39479",+1-365-289-1437,Single,0
620,Samantha,Gamble,"8992 Scott Lakes, Lake Laurieville, DE 54171",6934046582,Married,0
621,Jennifer,Anderson,"03975 Montoya Views Suite 575, Harrisonmouth, OH 55050",+1-529-628-3326x966,Single,0
622,Ricky,Flowers,"8735 Carter Crescent Apt. 932, East Savannahhaven, PA 16834",001-454-482-2476x662,Divorced,4
623,John,Greene,"16202 Amber Squares, West Mary, AK 01477",001-809-849-2489x01793,Married,1
624,Angela,Joseph,"0035 Shawn Pine, New Sarah, NC 90556",880-315-8225x7806,Divorced,2
625,Brian,Wells,"USNS Weeks, FPO AP 19783",001-291-404-3047x35246,Widowed,2
626,Amy,Cruz,"3241 Jones Burgs, New Brittney, VI 72134",4462382131,Widowed,3
627,Kelly,Figueroa,"2939 Mack Road, North Aaron, SD 22899",001-343-293-8977x28298,Widowed,4
628,Walter,Noble,"USS Vasquez, FPO AA 72613",(961)643-0642x85321,Divorced,2
629,Brian,Johnson,"1212 Davis Islands, Marcusland, WI 66801",724-823-9132x965,Married,3
630,Christopher,Johnson,"70316 Chelsea Mews Suite 476, Natalieside, PW 72337",636.379.4887x3443,Married,0
631,Regina,Hill,"06190 Fowler Dale Suite 974, Port Eric, GU 49801",405-685-7835x697,Single,0
632,Tyrone,Harris,"70130 Garrett Skyway, Aguilarland, NM 49809",625.747.0997,Divorced,0
633,Mike,Harmon,"394 Jacqueline Shoals Apt. 366, East Michaelside, FL 64952",+1-635-606-7341x6465,Single,0
634,John,Ware,"17910 Brown Turnpike, Joshuamouth, PR 23864",001-866-634-2049x305,Widowed,2
635,Kayla,Stevens,"4674 Sanchez Street, North Courtneychester, KY 01497",(405)270-7356x711,Widowed,0
636,Daniel,Smith,"598 Michael Street Suite 491, Markside, MD 77895",8443120402,Single,0
637,Aaron,Walker,"91758 Little Key, Lake Maria, MP 95254",001-888-413-9826x097,Single,0
638,John,Howe,"832 Reyes Island, Loganchester, NH 65186",747.330.1350x279,Divorced,0
639,Holly,Lee,"8569 Amy Road, East Jameshaven, GU 83842",382-990-8560x118,Divorced,2
640,Pamela,Gibson,"Unit 9654 Box 4787, DPO AP 09395",932.600.1828,Married,1
641,Brent,Jones,"648 Derrick Trafficway Apt. 640, North Bradyhaven, VT 96344",(957)424-5943x590,Widowed,3
642,Jose,Curry,"180 Kathleen Crossing, East Meaganberg, KS 59123",(329)651-7566x2935,Single,0
643,Peggy,Jensen,"2258 Blackwell Cove, Rileyhaven, LA 64586",720.570.3431x020,Married,4
644,Rachel,Johnson,"USCGC Hall, FPO AP 80081",001-981-504-2320x1241,Single,0
645,Bridget,Brown,"194 Jonathan Court Suite 335, Alexanderview, FM 79473",001-316-308-6605x0979,Single,0
646,Eric,Harris,"523 Brandon Expressway, South Lisaberg, MP 06367",304-573-9075x82921,Single,0
647,Michael,Lopez,"073 Ellis Isle, Justinberg, VI 49179",310.843.0309x0002,Divorced,1
648,Evelyn,Martinez,"17447 Mcdonald Ford, Crawfordburgh, MN 35589",(916)820-1662x998,Widowed,1
649,Andrew,Adams,"050 Joseph Crossroad Apt. 919, South Mark, MI 09789",001-203-825-9434x8390,Single,0
650,Lisa,Phillips,"65188 Herrera Land Apt. 581, West Edward, AR 32573",977.325.5441,Divorced,5
651,Aaron,Diaz,"Unit 9471 Box 3175, DPO AP 62159",001-431-870-0082,Married,4
652,Jessica,Brooks,"741 Claudia Ridge Apt. 895, Lake Martha, MP 65135",+1-623-498-7703,Divorced,5
653,Teresa,Bell,"4012 Wright Grove Suite 704, Danielbury, PW 80085",930-690-5951x11913,Widowed,5
654,Daniel,Ferguson,"30918 Stewart Roads, Christopherbury, VT 70644",917.279.3759,Single,0
655,Teresa,Sanders,"97194 Jennifer Unions Apt. 452, Port Garretttown, AL 41883",(422)336-7835,Married,4
656,Anthony,Phillips,"652 Carrie Lake, Smithmouth, AZ 63636",(681)567-7558x1876,Divorced,4
657,Katherine,Martinez,"7813 Shawn Cliffs Suite 282, Deannaburgh, MI 13074",997.781.6747x8619,Single,0
658,Thomas,Green,"10165 Emily Station, New Maryburgh, ND 55103",8462877252,Married,5
659,Dustin,Perez,"69668 Parker Flats, South Kyle, TX 77778",(728)477-0545,Widowed,0
660,Lori,Olson,"Unit 9934 Box 9860, DPO AP 82621",3834154939,Divorced,4
661,Kimberly,Rodriguez,"9168 Anderson Springs Suite 844, New Kelli, MS 10655",811.366.4371x42564,Married,2
662,Cheryl,Robinson,"057 Brittany Pass, West Todd, PR 88338",7537457863,Divorced,1
663,Jonathan,Walker,"924 Jones Green, West Kevin, WA 77618",(723)767-1372x387,Divorced,3
664,Jeremy,Fields,"9260 Nelson Alley, East Gerald, DE 76981",670.764.4432,Widowed,3
665,Kenneth,Richmond,"4699 Kristie Plaza, Lake Lindsaymouth, AZ 15979",(670)914-0217x478,Married,3
666,Brenda,Price,"7280 Stacey Row Apt. 060, West Catherine, DE 52075",3242852280,Widowed,3
667,Kendra,Smith,"732 Castillo Creek Suite 831, Marystad, NJ 14184",(261)798-6610x37179,Widowed,0
668,Rebecca,Bartlett,"08183 Harmon Stravenue, Robertside, UT 75231",221.833.9956x333,Single,0
669,Ronald,Clark,"75927 Charles Cape Suite 129, Pattersonville, IA 70739",+1-298-288-1316x688,Widowed,4
670,Amy,Glenn,"641 Julie Way, West Brenttown, CT 99258",(364)682-2540x27452,Married,5
671,Kristine,Love,"8627 Russo Spur Suite 659, Danielport, NM 27259",001-771-266-4426x970,Married,0
672,Emily,Brennan,"874 Scott Key, New Anthony, PW 96972",3546464401,Divorced,2
673,Richard,King,"3586 Murray Haven Suite 460, Stephanieshire, NC 08741",628.494.0053x810,Divorced,2
674,Sharon,Ray,"77310 Brianna Row, South Tara, AL 26390",+1-898-205-7019,Married,2
675,Mackenzie,Perez,"709 Nicole Highway, South Jessicaland, WA 04801",(346)484-3116,Divorced,5
676,Christopher,Gross,"USS Romero, FPO AE 38050",389.347.8294x156,Widowed,1
677,Maria,Parks,"8499 Michael Junctions Apt. 091, West Chelseaview, NH 58344",204.563.5873x6662,Divorced,3
678,Rachel,Aguilar,"PSC 1352, Box 3199, APO AP 43144",3007160650,Single,0
679,Chris,Allen,"USNV Stokes, FPO AE 75847",001-841-923-3795x8252,Widowed,4
680,Janice,Jacobson,"08221 Kimberly Alley, West Jessicatown, PA 42411",473-573-7095x5065,Widowed,0
681,Sue,Mccarthy,"Unit 2079 Box 0143, DPO AE 99083",917-946-0007,Divorced,2
682,Kimberly,Copeland,"083 Jennifer Manors Suite 802, Georgeshire, CA 81503",531.843.2053x82780,Single,0
683,Morgan,Cook,"10715 Brian Trafficway, Lambburgh, CT 19448",+1-802-505-4627,Divorced,0
684,Linda,Webster,"0985 Miller Road Suite 992, Port Robert, MH 31391",+1-816-431-1247x6899,Divorced,4
685,Janice,Perry,"86108 Garcia Garden Suite 132, Smithtown, VA 65828",620-862-5777x9471,Divorced,2
686,Bridget,Blevins,"33170 Kathleen Mall Apt. 143, Jamesland, DE 67090",+1-511-820-9474x5392,Single,0
687,Janet,Carroll,"637 Diaz Valley, Lake Glennstad, MN 43726",+1-260-334-0135x47210,Married,4
688,Nicole,Sharp,"5609 White Station Apt. 978, Brownfort, CO 64658",840-771-9670x35170,Widowed,0
689,Mark,Greene,"0302 Harris Ramp Suite 893, South Erica, AL 50599",846-667-3135,Married,0
690,Pamela,Espinoza,"70817 Michelle Glens Apt. 100, South Cesar, NM 19432",+1-890-205-4463,Widowed,1
691,Robert,Houston,"39296 Mcdowell Cove Apt. 502, South Ryanmouth, NV 51382",001-359-476-5099,Widowed,3
692,Charles,Bass,"PSC 6115, Box 9956, APO AA 35375",499.803.5289x0393,Divorced,5
693,Ashley,White,"7393 Kimberly Street Apt. 071, Robinsonstad, PW 96845",(250)476-0292,Widowed,1
694,Mark,Patterson,"02727 Owen Trace, Sheltonstad, MN 92296",2488926028,Divorced,4
695,Tyler,Barnes,"818 Burch Ridge Apt. 462, Angiefurt, AL 34835",425.487.0537x84157,Married,0
696,Darlene,Gregory,"PSC 3987, Box 9825, APO AA 92703",(249)690-6865,Single,0
697,Wendy,Ramirez,"033 Park Mills, Lake Sherry, UT 96263",001-918-233-2686,Married,5
698,Leah,Carney,"68843 Shelby Manor Suite 874, Leebury, OH 26492",424.852.6405,Married,5
699,Cassandra,Pham,"9807 Lee Curve Suite 201, East Rachaelmouth, KY 27440",(851)856-3686,Married,5
700,Karen,Wood,"33364 Turner Locks, Erinfurt, PR 08356",528.735.3817x0589,Married,3
701,Charles,Kline,"68175 Wallace Manor, East Catherine, IN 14801",001-422-353-1739x4493,Widowed,1
702,Nicolas,Sanchez,"5287 Justin Rest, Marystad, RI 11922",330-996-4433x411,Widowed,4
703,Bethany,Brown,"PSC 5541, Box 5940, APO AE 66940",(573)890-5897x002,Married,1
704,William,Jordan,"293 Johnson Stravenue Suite 609, West Barbara, WA 66161",801-872-1488x10633,Married,0
705,Levi,Moore,"358 Justin Pines, Amandachester, MS 99483",719-878-8311,Married,3
706,Leah,West,"2188 Marshall Shores Suite 720, New Shirley, WA 14956",304.537.3041x8490,Married,2
707,Meagan,Reed,"214 Mcdonald Spur Apt. 122, Ericside, KS 49671",7168995227,Married,2
708,Bryan,Higgins,"462 Kimberly Pike, Danielland, AK 02707",(507)600-0352x43051,Widowed,3
709,Michelle,Kane,"8912 Richardson Spur, Port Annaberg, OR 60778",499-958-8733x42774,Widowed,1
710,Jennifer,Nelson,"4841 Miller Heights Suite 715, Lake Daniel, NM 53602",6499596426,Single,0
711,Amy,James,"780 Cheryl Overpass Suite 258, New Aliciamouth, WY 85518",420.313.2121x30094,Married,1
712,Aaron,Walker,"USS Hunt, FPO AA 70170",(651)444-4201x4805,Single,0
713,Justin,Nguyen,"39361 Johnson Ranch, Smithborough, IL 20931",851-529-3585,Single,0
714,Alicia,Harper,"4455 John Isle, West Jerryport, MP 80643",001-799-811-8847x0989,Divorced,1
715,James,Contreras,"10654 Shawn Isle, Bensonfurt, DC 97820",5042062816,Married,5
716,Robin,Jones,"5228 Wagner Shoal Apt. 660, Smithport, OR 15134",001-885-989-0775,Widowed,3
717,Joshua,Martin,"791 Davis Valley, North Donaldhaven, WI 78931",(578)793-1023,Married,1
718,Christy,Gonzalez,"USCGC Hart, FPO AE 70012",734.492.2698x29148,Single,0
719,Denise,Pena,"54488 Newton Motorway, North Samantha, FL 15603",(759)224-3932,Divorced,4
720,Sally,Madden,"44769 Douglas Unions, New Timothyton, KY 41269",001-558-569-5055x786,Single,0
721,Melissa,Wu,"71452 Gordon Drive Suite 940, Wardshire, AK 74284",212-769-9669x6228,Widowed,5
722,Aaron,Daugherty,"285 Peter Well Suite 880, Jessicachester, GA 23657",304-765-8517,Widowed,1
723,Jason,Fisher,"6238 Mcfarland Inlet Suite 243, Christinaberg, MS 92910",(671)928-3700x91988,Single,0
724,Rhonda,Watkins,"79978 Callahan Squares, Carolineview, IL 08098",538-972-5650x55662,Single,0
725,Nathaniel,Cervantes,"7068 Susan Drive Apt. 649, Martinezberg, IL 28439",212.982.1559x814,Widowed,1
726,Andrew,Fitzgerald,"7768 Cynthia Islands Suite 930, New Emmachester, WA 43642",455.436.1122,Widowed,4
727,Anthony,Kramer,"786 Rodriguez Rapids Apt. 972, New Laura, MN 37390",(736)292-9473x13617,Single,0
728,Kristin,Hughes,"8067 Prince Club, New Savannahville, NV 44712",001-865-589-5975,Single,0
729,Kayla,Huff,"8248 Duncan Wall Apt. 293, Port Bradleyport, MA 60559",+1-532-709-2077,Married,5
730,Melvin,Rush,"24443 Cory Gateway, Lake Jonathanborough, CT 58940",(731)769-6279,Divorced,0
731,Jennifer,Johnson,"401 Henson Knoll, West Ashley, DC 96739",690.987.5756,Divorced,0
732,Steven,Sutton,"84600 Kenneth Ridge Suite 464, Brownside, DE 23320",001-485-874-7526x4207,Married,2
733,Robin,Little,"857 Paul Squares Apt. 486, Williamside, ND 20458",(735)228-7915,Married,1
734,Jeremy,Boone,"Unit 6930 Box 1428, DPO AP 89753",744-991-9874x256,Divorced,4
735,Vicki,Oliver,"84274 Amy Well, Dennisshire, AK 60059",986-608-7898,Single,0
736,Daniel,Green,"674 Alexander Trail Suite 927, Brownstad, ME 72357",001-448-863-9323x23235,Married,0
737,Kenneth,Aguilar,"861 Lawrence Lakes, East Mary, WI 04690",001-387-479-1395x912,Divorced,3
738,Brooke,Smith,"90974 Peterson Loaf, Leonardville, IN 66378",001-608-836-2718x68669,Single,0
739,Thomas,Black,"55924 Hodge Ridges, New Dustinfurt, MI 13851",701-844-6402x92459,Divorced,5
740,Morgan,Henderson,"085 Oliver Meadows Suite 341, Toddland, MA 61087",(951)373-3008x44273,Widowed,3
741,Jeremy,Reyes,"21327 Lambert Summit Suite 050, South Charlesland, NY 84308",964.686.6780x973,Divorced,3
742,Marissa,Pruitt,"81638 Edwards Bypass Apt. 240, North Isabelmouth, MP 66223",001-969-496-4266x4818,Married,2
743,Victoria,Black,"118 Justin Station Apt. 130, Port Sandra, WV 31144",457-293-1493x25305,Widowed,2
744,Matthew,White,"40466 Todd Drive, East Nicholas, AK 68309",655-747-0037,Single,0
745,Gary,Morse,"873 Robert Street, West Aaronhaven, GU 92852",723-217-4383x3876,Widowed,3
746,Christian,Conley,"782 Beverly Forges Apt. 477, New John, MI 73020",502.594.3679x6631,Single,0
747,Thomas,Johnson,"2639 Harris Avenue Apt. 980, New Michaelberg, UT 58114",3584897928,Divorced,2
748,Michael,Maxwell,"60636 Mayer Rue Suite 020, New Janethaven, PR 29612",565-286-7842x853,Married,1
749,Tracey,Mills,"27618 Krause Viaduct, Byrdville, TX 59549",001-892-251-8118x13938,Widowed,4
750,Steven,Chase,"5864 Crystal Fall, South Johnport, NC 73959",(326)806-4181,Widowed,1
751,Paul,Fleming,"033 Robert Groves, Port Kennethburgh, MD 57278",5462537363,Widowed,4
752,Robert,Bean,"5318 Hall Views, West Scott, LA 60111",872.428.7584x76370,Married,2
753,Dorothy,Smith,"226 Meghan Greens Apt. 437, North Leah, ND 00590",001-530-649-6957x79680,Single,0
754,Christopher,Miles,"127 Edward Bypass, Brownfurt, ND 91643",(859)555-2617,Single,0
755,Karen,Anderson,"USNV Flores, FPO AA 41028",001-400-726-4655x62310,Divorced,0
756,Michael,Myers,"173 Griffin Tunnel, North Mary, CA 68098",001-714-564-3331x395,Single,0
757,Mary,Cruz,"552 Denise Trace, West Jillfort, SC 30876",222.646.7788x03487,Widowed,5
758,Nicole,Massey,"2159 Jamie Curve, Carneyside, VI 88485",(322)871-9225x957,Widowed,1
759,Valerie,Martin,"PSC 6384, Box 2144, APO AP 70394",(352)732-9909x07036,Widowed,5
760,Anthony,Murray,"3191 Ryan Trafficway Apt. 976, Yuport, PW 13195",(267)776-3619x642,Widowed,0
761,William,Hubbard,"61061 Herrera Haven, West Desiree, VA 68538",001-326-542-6177,Married,0
762,Lisa,Hill,"643 James Dam Suite 412, Thompsonburgh, MN 15715",+1-480-773-3778,Married,2
763,Ryan,King,"USNV Johnson, FPO AA 48751",(325)554-0970,Married,0
764,Gilbert,Newman,"173 Jeffery Islands, East Markborough, WV 59768",559.506.0192x5999,Single,0
765,Daniel,Williams,"932 Daniels Circles Suite 096, Martinmouth, OR 14186",(354)708-0465,Widowed,5
766,Anne,Smith,"5521 Davenport Terrace, Robertville, MN 95328",992-748-0551x396,Divorced,1
767,Logan,Mason,"851 Boyd Dale Suite 500, West Rebeccaview, WA 97172",707-246-1669x363,Widowed,3
768,Roberto,Henderson,"94576 Carpenter Stream, South Jackieville, IL 07561",395-469-7485,Married,3
769,Katherine,Harrell,"202 Wheeler Canyon Apt. 084, Lake Craigtown, CO 97220",+1-511-756-3744x4621,Married,1
770,Susan,Collins,"4751 Cindy Lights, Manningside, CA 38377",001-406-893-5356x71000,Widowed,5
771,Kimberly,Galvan,"96457 Angela Highway, West Sarahshire, MN 70108",634.889.7096x4371,Single,0
772,Kimberly,Reynolds,"USS Baker, FPO AA 83854",001-288-734-7980x06309,Widowed,0
773,Gavin,Hansen,"6563 Rhonda Island Apt. 924, Gregstad, TX 12199",335-534-8925,Married,2
774,Eric,Rodriguez,"75377 Hutchinson Fork Apt. 348, New Heatherton, CA 58867",966.282.3331x50915,Married,3
775,Bryan,Roman,"8091 Miller Orchard Suite 760, Lake Jessica, VT 02148",001-511-750-6642x4027,Single,0
776,Tara,Hood,"Unit 7046 Box 9078, DPO AA 33679",+1-559-749-9942,Married,3
777,Robert,Elliott,"94627 Caldwell Plaza, Shawnmouth, CA 75567",222-893-0718x5213,Single,0
778,Kathryn,Nguyen,"58879 Velasquez Rapid, Williamview, SD 96206",447.610.8240x06072,Single,0
779,Kimberly,Welch,"048 Karen Centers, New Jamesbury, TN 48786",825.633.2095,Divorced,3
780,John,Smith,"9456 Lisa Corners Suite 827, Port Tara, NH 21730",(363)597-2813x09188,Single,0
781,Mary,Carter,"0732 John Skyway Apt. 925, Juliaville, TN 30478",907.380.8248x942,Married,5
782,Eric,Hall,"USNV Travis, FPO AE 17640",001-231-816-3524x979,Divorced,5
783,Timothy,Barker,"8753 Brianna Place, Gonzalezhaven, PA 37751",591.639.8643x7273,Divorced,1
784,Shawn,Hoffman,"4326 Randy Dale Apt. 853, Taraland, MH 27586",343-985-5136x21941,Divorced,0
785,Regina,Anderson,"2093 Jonathan Rapids, Tracyberg, TX 56834",001-202-263-2782x67328,Single,0
786,Barbara,Johnson,"15630 Anthony Motorway, Lake Meganbury, ID 05566",(765)702-9567x86471,Married,0
787,Jackie,Shelton,"03240 Phillips Ford Suite 380, Brentfort, SD 97833",4448700890,Widowed,4
788,Charles,Espinoza,"8328 Tracy Course Apt. 941, South Rachelside, CA 48742",001-449-238-4236x117,Single,0
789,Jennifer,Johnson,"3235 Michael Haven, Salinashaven, NH 67676",+1-288-363-6551x3786,Single,0
790,Craig,Brown,"452 Pamela Manor Suite 348, East Stevenland, TN 97381",475.912.5803,Married,3
791,Kevin,Mckee,"652 Taylor Parks, Lake Alexandertown, PR 81111",(769)628-6243x95159,Divorced,2
792,Nicholas,Wagner,"181 Johnny Park, Terryview, SC 50008",259.879.4304,Married,1
793,Christina,Keller,"5155 Farrell Springs, West Maryfort, DE 01649",001-443-530-0164x1425,Widowed,0
794,Kaylee,Beck,"PSC 7569, Box 8565, APO AE 95144",001-215-336-6396x6107,Divorced,5
795,Philip,Hogan,"46014 Matthew Ridges Apt. 209, Ryanshire, NV 54078",4118264249,Widowed,3
796,Mark,Evans,"320 Brown Crossing, North Karen, ID 51032",736-660-0326,Widowed,2
797,Christian,Walsh,"110 Ann Rue Suite 307, Lake Richard, CA 74134",3073567618,Widowed,0
798,Joseph,French,"84502 Michael Terrace, Lake Staceyland, MT 85705",(538)971-1887x0823,Single,0
799,Elaine,Garcia,"380 George Trace, Port Jason, NC 09704",649.663.6561x01748,Divorced,4
800,Rebecca,Garza,"488 Alan Garden, Bakertown, NE 26627",2188129246,Divorced,3
801,John,Werner,"7928 Michele Loop, South Candacestad, FM 07140",760-325-1974x534,Single,0
802,Paul,Cooper,"PSC 6730, Box 0113, APO AE 92669",(915)283-7275x5949,Married,5
803,David,Cruz,"8531 Brown Pike, East Monica, MH 52673",607.915.6069,Married,1
804,Beth,Harrison,"03958 James Vista, Port Kristen, VT 10640",362-600-5268,Single,0
805,Amanda,Herrera,"4737 Garza Mall, Meyerton, WI 26819",883.396.5406x9396,Divorced,2
806,Benjamin,Ramirez,"03667 Wang Terrace, Nelsonville, NY 49094",812-941-9102x06794,Married,2
807,Ryan,Phillips,"2486 Moreno Wells Suite 140, Bryanstad, PW 03575",(708)541-7358,Widowed,0
808,Melanie,Diaz,"118 Stephanie Trace, New Robert, CA 71383",001-972-545-4815x6848,Widowed,3
809,Peter,Sellers,"761 Bryan Bypass, Port David, IA 50646",(238)222-6537,Widowed,3
810,Margaret,Hines,"9732 Karen Manor Apt. 235, Allenfurt, DC 04243",784-550-2011x07537,Widowed,0
811,Sean,Cox,"4370 Johnson Shoals, New Lindafort, NE 67190",527.791.6142x6837,Divorced,3
812,Jennifer,Wagner,"8844 Michael Station Suite 443, Lake Nicole, GU 01520",+1-843-293-7537x48725,Widowed,4
813,Albert,Weber,"6291 Brown Mount Apt. 417, East Sydney, RI 16948",7977474229,Divorced,1
814,George,Knapp,"USS Salazar, FPO AP 70316",001-840-502-9576x45439,Married,0
815,Jennifer,Martin,"53646 Chang Hollow, North Meganbury, KS 05355",319-534-2991x2514,Single,0
816,Dylan,Robinson,"29764 Hodge Plain Apt. 549, Walkerport, TX 72179",285.586.2213x32298,Married,4
817,Nicholas,Shaw,"USS Hunter, FPO AE 79120",(575)363-1031,Married,2
818,Christine,Stokes,"82342 Tara Garden, East Anitafort, NY 96544",+1-538-545-1692x57712,Married,0
819,Marvin,Bird,"86432 Kimberly Meadow, Franklinburgh, SC 87233",(563)998-7408x3834,Divorced,5
820,Joseph,Watson,"7043 Emily Squares, North Christopherborough, VA 16751",(991)888-8317x3667,Divorced,1
821,Christopher,Nixon,"8165 Shaw Coves, Andersonfort, MH 01012",(829)769-1145x72832,Widowed,2
822,Jessica,Mcgrath,"65873 Michael Parkway, Lake Nicolebury, MI 91542",948-806-8187x8056,Single,0
823,Kevin,Robinson,"96153 Robert Ford Suite 007, Matthewtown, WY 03459",684-222-1327x43835,Widowed,1
824,Peter,Gillespie,"903 Joshua Square Apt. 041, West Stacey, MS 47458",3984904150,Single,0
825,Virginia,Price,"8164 John Terrace Suite 711, West Angela, MA 90198",(690)308-2929x64843,Married,1
826,Kevin,Stewart,"96765 Henry Burg Suite 358, Cartermouth, IL 34883",+1-909-588-7398x534,Single,0
827,Cynthia,Matthews,"589 Hayes Walk Suite 944, New Amanda, KS 16425",9809340034,Divorced,2
828,Benjamin,Watson,"7783 Adams Park, Jeanberg, NH 05983",001-286-596-6743x21812,Divorced,0
829,Dana,Wolfe,"186 Seth Dam Suite 434, Veronicafurt, AK 38689",+1-886-285-1022x74516,Married,4
830,Gail,Hill,"34695 Ronald Light, South Jacquelineborough, FM 59563",(798)827-4012x5085,Married,0
831,James,Evans,"205 Brock Shores Suite 683, Skinnerberg, AK 11069",526-467-4022x67786,Married,5
832,Amy,Jimenez,"426 Hernandez Springs Apt. 705, Sherrymouth, ID 04398",471-525-6176,Divorced,3
833,Michael,Aguilar,"8937 Sanchez Stravenue, North Debramouth, TX 07460",886-316-8942,Widowed,0
834,Jason,Romero,"093 Jessica Greens, Yoderbury, OH 75685",001-420-769-6869x4291,Single,0
835,Kevin,Byrd,"7896 Michelle Lock Apt. 708, Ramirezview, IL 25521",749.854.5671x09024,Married,5
836,Erin,Carson,"5716 Marcus Green Apt. 777, North Christianfurt, OK 94412",(507)562-9097,Widowed,1
837,Pamela,Wright,"690 Cox Parks Suite 684, New Jodyside, WY 93217",+1-288-435-7962x611,Divorced,1
838,Stephanie,Harris,"6257 Atkinson Summit Suite 075, North Brandi, MI 83737",463-704-4441x700,Divorced,3
839,Donald,Gill,"96967 Martinez Way, Jameschester, NJ 11694",(695)780-0628x91826,Divorced,3
840,Tina,Miller,"USNV Marsh, FPO AP 48852",867.799.7353x370,Single,0
841,Ryan,Green,"451 Green Overpass, Duffytown, WY 45453",(379)285-9535x5368,Single,0
842,Bradley,Hamilton,"5969 White Cove, Vegashire, FM 80639",001-487-449-7038x86979,Married,0
843,Kimberly,Morales,"5571 Thomas Hollow, Deanfurt, PR 41841",960.284.2307,Divorced,1
844,Robert,Marshall,"4416 Martin Point, West Daniel, KS 48432",7825762439,Divorced,2
845,Douglas,Gibson,"80570 Contreras Summit Suite 832, Careyton, MT 48348",454-691-4756,Married,1
846,Helen,Patterson,"Unit 0903 Box 8499, DPO AE 49386",+1-333-221-0566,Divorced,1
847,Ryan,Miller,"677 Johnson Ridges Apt. 326, Charlesville, OH 99319",368.337.8902x750,Widowed,4
848,Michael,Baxter,"7580 James Meadows, North Benjamin, NC 63108",435-741-6133x13522,Divorced,1
849,Mark,Rocha,"218 Gonzalez Shoals Apt. 947, East Stevenview, MT 43880",(527)309-3812x935,Single,0
850,Michele,Ibarra,"585 Davis Neck Suite 594, Andrewberg, OK 94380",339.968.7776,Single,0
851,Jessica,Williams,"3748 Mario Stravenue, Danieltown, ME 38736",7065512443,Divorced,2
852,Joseph,Patel,"84676 Rollins Mill Suite 581, Port Mark, ID 72195",6404535012,Widowed,1
853,Gregory,Valdez,"73978 Jody Grove, East Christopherbury, VI 48074",+1-220-340-0391x048,Widowed,4
854,Jenna,Bell,"68236 Knight Glen Apt. 662, South Kevin, WI 97551",2299516363,Single,0
855,Megan,Martinez,"83074 Rhonda Via Suite 137, Lake Denise, KS 38649",879.207.1217x968,Divorced,4
856,Kimberly,Clayton,"8378 Robin Flat Suite 348, North Marciamouth, AK 71499",(722)332-7452x46643,Divorced,0
857,Natalie,Torres,"0974 Flores Pines, North Cheryl, DC 25977",+1-343-777-4498,Single,0
858,Robert,Wu,"3747 Gregory Parks Apt. 455, New Sarahview, ID 83863",001-416-579-1748x503,Single,0
859,Susan,Ramirez,"12958 Gray Forest, Port Robert, OR 16183",+1-608-237-2600x7666,Divorced,3
860,Robert,Richmond,"71889 Luke Park Apt. 365, East Mary, NV 08829",885-556-4312,Single,0
861,Ann,Martinez,"Unit 5032 Box 9313, DPO AE 85205",(820)995-4863x01649,Divorced,1
862,Natalie,Molina,"873 Davis Way, North Breannashire, CO 48576",001-511-544-0639x86543,Married,1
863,Mario,Sanchez,"307 Alexa Estates, Maryhaven, MN 07564",(941)687-1488,Married,5
864,Crystal,Booker,"5210 Heather Turnpike, East Kylemouth, FM 90133",(406)640-7220,Married,1
865,Ronald,Wilson,"885 Eduardo Run, Meganbury, ND 42041",828.234.4314x363,Married,3
866,Samantha,Mcdonald,"090 Matthew Street Apt. 175, South Dustinton, WI 89773",945.660.3324,Divorced,0
867,Carrie,Green,"37558 Robert Falls, Mosesmouth, WV 69223",980.725.0300,Single,0
868,John,Franco,"398 Alexander Via, Lake Roberttown, VT 93469",329.247.0554x4520,Divorced,5
869,Karen,Martin,"95588 Evan Brook, Lake Matthewmouth, AK 03337",+1-365-389-0830x6479,Married,2
870,Todd,Gray,"62293 Crystal Tunnel, New Tiffanyland, FM 04367",784-319-4217,Married,1
871,Tyler,Tapia,"7129 Padilla Glens, Matthewville, VA 43409",001-214-891-9288x931,Widowed,1
872,Brenda,Bolton,"632 Pope Cove Apt. 526, Morrismouth, LA 72177",912.624.3210,Married,4
873,Rachel,Camacho,"09380 Martin Pine, Port Tami, NH 65894",6659698158,Married,2
874,Reginald,Campbell,"102 Cisneros Island Apt. 468, Vasquezfurt, NY 34590",+1-756-560-8594x458,Widowed,5
875,Jason,Johnson,"9793 Nicole Freeway, Sherifort, NJ 31788",+1-325-766-9129x4835,Widowed,3
876,Julie,Garcia,"8153 Ruben Parkway, East Joe, MD 93981",759.840.9339x0468,Widowed,3
877,Kimberly,Mullen,"Unit 9374 Box 4507, DPO AP 17493",(871)217-6466x067,Single,0
878,Alexander,Baker,"7449 Walter Lock Apt. 177, Port Todd, DC 45632",288.608.2579x853,Married,5
879,Kim,Diaz,"102 Garcia Lakes Apt. 714, Samanthamouth, AR 48665",001-452-654-6150,Married,2
880,Kaitlyn,Peters,"002 Williams Plain Suite 614, North Stephanie, WA 12693",(256)718-5070,Single,0
881,Robert,Vaughn,"87469 Nelson Garden Suite 764, Port Jodychester, MO 69461",375.981.7767,Divorced,5
882,Sonia,Valencia,"37457 Joshua Underpass, Port Anthonychester, MA 50161",001-683-247-3929x5722,Divorced,3
883,Stephanie,Rodriguez,"6497 Jared Cliffs Apt. 608, Carneyberg, NM 92575",+1-443-871-5428x51429,Widowed,5
884,James,Thornton,"7189 Miranda Way Apt. 991, Woodsville, ND 53802",867-582-0879x6463,Widowed,2
885,Nancy,Burke,"Unit 2307 Box 5000, DPO AA 20051",(562)426-5481x6721,Single,0
886,Martin,Thomas,"66003 Kimberly Mount Apt. 486, East Gabrielle, MH 06908",+1-245-463-6318x1166,Single,0
887,Anita,Delgado,"Unit 8400 Box 5951, DPO AE 68417",001-849-323-0115x9139,Widowed,2
888,Michael,Hawkins,"USNV Logan, FPO AA 87748",697.813.1867x41660,Single,0
889,Penny,Drake,"840 Rogers Meadows Suite 977, Melissaport, FM 41575",(804)438-6965x8602,Married,0
890,Joseph,Luna,"Unit 5532 Box 9764, DPO AA 42317",927.763.5119x1769,Single,0
891,Anthony,Mccormick,"1080 Cassandra Neck Apt. 846, Jessicastad, MH 87375",884-676-1483x941,Married,4
892,Norman,Schultz,"2941 Collins Lake Apt. 078, Ashleyside, IA 12019",765-898-0574x00683,Divorced,2
893,Timothy,Kramer,"27549 Flores Radial Suite 744, Jenniferbury, MH 38641",9827137883,Divorced,0
894,Jacqueline,Day,"34162 Ward Stream, North Phyllis, MD 66735",001-842-928-6424,Widowed,5
895,Aaron,Williams,"8418 Lewis Run, Lake Dale, VI 66994",802-852-1583x80681,Married,4
896,Adam,Baker,"78043 Jennifer Glen, Port Hector, IL 96067",541.557.9085x8529,Married,2
897,Lisa,Mathews,"2705 White Park, Jennifertown, OH 24433",8984442374,Widowed,1
898,Robert,Graham,"2869 Hunt Highway Apt. 158, West Logan, ND 95541",001-707-401-3503,Single,0
899,Janice,Rivas,"256 Hughes Squares, Rogertown, SD 38780",562.398.9419,Married,1
900,Matthew,Yu,"405 Hurley Centers, West Matthewtown, AL 70009",607.570.2066,Married,0
901,Jesse,Wade,"37084 Kennedy Pike Suite 556, Berryfort, KY 66207",+1-926-918-6993x6616,Divorced,1
902,Rebecca,Obrien,"254 Davis Curve Suite 049, North Madisonbury, IN 51756",001-925-762-7661x333,Single,0
903,Jonathan,Young,"825 Simmons Junctions, Lake Jeremyport, GU 81809",(784)609-4459,Single,0
904,Daniel,Andrade,"53635 Richard Ridge Apt. 630, Anthonyborough, CA 89643",+1-726-847-0379x2879,Widowed,0
905,Sydney,Mccoy,"870 Ryan Terrace, Helenshire, WY 26052",001-478-465-2065x421,Married,3
906,Sally,Hendricks,"30589 Lee Key, Coltonside, AZ 04107",222-840-8846x78802,Divorced,4
907,Ronald,Wells,"18812 Garcia Groves Apt. 203, Justinville, NY 68817",777.447.0563x177,Widowed,5
908,Julie,Ponce,"7492 Gordon Trail Apt. 372, Lake Johnton, WI 68159",001-916-574-9177x57853,Divorced,2
909,Diana,Phillips,"3266 Jones Walk Apt. 230, Alicialand, IL 84667",(472)746-1116x0727,Married,0
910,Molly,Nelson,"7608 Moyer Expressway Suite 633, North Pamela, IL 60754",(739)412-9834x369,Divorced,4
911,Matthew,Villa,"3657 Maria Ways, New Danielbury, NH 36153",(286)293-4090,Widowed,1
912,Michele,Adams,"5711 Kyle Causeway, North Colleen, MN 32756",(285)681-3398,Widowed,3
913,Frank,Robinson,"6058 Montgomery Spring, Jacobmouth, CT 38864",001-658-377-3013x815,Single,0
914,Nicole,Kelly,"85754 Amy Springs Suite 706, Lake Stephaniemouth, MI 25670",001-832-214-7531x36254,Single,0
915,Donald,Jensen,"0397 Brandon Corners, Dunlapview, TX 80939",988.873.5518x1008,Divorced,2
916,Joshua,Jackson,"2857 Morgan Fall, Carpentermouth, WY 45884",7618881862,Married,5
917,Jeffrey,Allen,"22447 John Pine Suite 706, Cruzstad, ME 86298",490-766-5788x22923,Single,0
918,David,Jackson,"2898 Bauer Expressway Suite 985, Richardfort, NC 51780",391-484-4327,Single,0
919,Jeff,Donovan,"22800 Katelyn Crescent Apt. 181, North Amyland, NH 97043",2165062620,Widowed,0
920,Karen,Smith,"71564 Brian Creek Apt. 233, Terrystad, VI 61834",001-539-373-7888,Widowed,4
921,Anthony,Douglas,"69603 Lyons Inlet, Ramirezton, VA 06504",588.389.1108x46143,Single,0
922,Adam,Ortiz,"342 Rodriguez Circles, Garciastad, VA 53731",237.764.5879x5327,Widowed,1
923,Andrew,Watson,"86401 Kelli Drives, Mooreshire, DE 53844",766-702-1802,Married,4
924,Catherine,Stephens,"710 Chapman Walks Apt. 476, New Cindy, CO 50613",001-280-669-2562x4870,Widowed,3
925,John,Cook,"0460 Andrew Mountains, Rodgersberg, WI 45476",001-633-618-5739,Divorced,3
926,Brian,Johnson,"463 Blake Row, Port Walter, MI 80818",(482)435-2363x329,Married,4
927,Stephanie,Kemp,"435 Karen Cliffs Apt. 981, Port Nathanfort, VI 75002",(239)735-3896x0559,Single,0
928,Sheila,Patel,"4206 Ellis Union, Lake Scott, MP 57915",+1-284-244-8440x3324,Married,4
929,Kaitlyn,Watson,"703 Kathryn Mission Apt. 335, Costachester, CT 79921",001-757-647-2221,Married,5
930,Kara,Phillips,"20149 Brandy Plaza Suite 503, New Ronald, PW 34572",(465)773-2084,Single,0
931,Valerie,Leblanc,"97049 Maria Walk, Whiteshire, WY 27009",+1-261-406-1155x955,Widowed,2
932,Erin,Potts,"4630 Barker Dale Apt. 007, Hilltown, WV 85590",001-701-965-6087x14417,Married,5
933,Andrew,Braun,"30815 Nelson Squares Suite 594, Rogerside, ME 38390",323-343-7510x69785,Single,0
934,Natalie,Madden,"7823 Mathews Terrace Suite 102, Lake Daniel, MO 41097",001-384-290-5594x84054,Single,0
935,Charles,Wallace,"6290 Michael Drives, Bassshire, AS 83981",001-480-272-7338x650,Widowed,2
936,Kevin,Murphy,"8745 Julia Radial, East Jonathan, DC 18303",(932)605-3246x59867,Widowed,3
937,Stephanie,Kaufman,"0235 Mariah Mount, Brettton, DC 54933",+1-957-507-0525x222,Divorced,1
938,David,Ramirez,"591 Clay Forge, Reeseshire, OR 71034",(819)476-7890x52958,Single,0
939,Sandra,White,"20907 Kevin Brooks, North Melanieport, DE 61818",(431)973-8604x90539,Married,4
940,Adam,Bell,"30730 Cox Turnpike, Harperstad, VI 25558",+1-613-663-5932x20172,Married,4
941,Shannon,Smith,"04964 Kelley Garden, West Lindsay, MD 48109",(282)670-7796x3861,Single,0
942,Susan,Henderson,"7792 Collins Brooks Apt. 480, West Joannemouth, KS 25955",912.432.5333x5149,Widowed,5
943,Tina,Bell,"7297 Christopher Pike Suite 690, Jenniferport, MH 44173",843.618.9995x10638,Widowed,3
944,Kristen,Duarte,"20834 Jennifer Roads, North Christinafurt, MD 01067",(370)567-6992x4297,Widowed,0
945,Thomas,Nelson,"203 Salazar Union Suite 253, Robertside, IN 91114",338-529-6720x5943,Single,0
946,Lisa,Haynes,"23075 Ronald Locks, North Walter, KS 73420",528.708.3174x2836,Divorced,2
947,Julia,Sullivan,"PSC 2440, Box 4750, APO AA 14998",(307)935-1920x5439,Single,0
948,Valerie,Alvarado,"USNV Ewing, FPO AA 38441",458-683-9420,Divorced,4
949,Stephanie,Ferguson,"USS Sparks, FPO AA 64250",475.612.9353x2540,Married,0
950,Tammy,Evans,"6660 Smith Ports Apt. 841, Claytonberg, AZ 15465",+1-769-303-3266,Single,0
951,Leonard,Arias,"601 Nunez Row Apt. 394, Lake Larryberg, VI 21489",523.311.6801,Widowed,2
952,Jesse,Ruiz,"846 Thomas Mall Suite 608, Jeffreyshire, AR 15955",201.556.3680,Divorced,5
953,Shannon,Townsend,"864 Hunt Court Suite 533, Wilsonland, IL 22194",(760)229-9156x184,Divorced,4
954,Emily,Carson,"15344 Morgan Via Apt. 001, Lake Donaldview, NY 66832",331-254-4966x2293,Widowed,1
955,Amy,Rogers,"5450 Alyssa Grove, Lake Manuelbury, WV 51378",001-815-275-2620x653,Widowed,3
956,Shelley,Petersen,"4460 Fitzpatrick Mews, South Tiffany, TN 34952",862-880-0338x884,Divorced,2
957,Stephen,Berger,"24805 Erickson Inlet, West Markton, VI 34362",542-202-4024,Single,0
958,Nicholas,Keller,"5844 Green Roads Suite 477, New Julie, MH 99126",+1-572-358-2307x5114,Married,1
959,Mariah,Hall,"616 Landry Park Apt. 068, New Thomas, LA 19503",+1-247-337-7581x58400,Divorced,3
960,Eric,George,"Unit 5276 Box 6112, DPO AE 76865",552.241.2225x52235,Divorced,1
961,Christina,Blackburn,"932 Vanessa Cape Suite 257, Port Kylie, AK 35336",+1-900-485-0185x93761,Married,0
962,Christopher,Park,"594 Smith Station, Hansenmouth, NE 70978",727-586-6220x823,Widowed,3
963,Christopher,Weber,"06371 Watson Extensions Suite 973, Kaitlynborough, GU 93647",775-736-5125x06228,Divorced,5
964,Kevin,King,"769 Garcia Creek Suite 564, Warrenhaven, OH 52375",(569)329-7645x3396,Divorced,3
965,Paige,Gomez,"60984 Maria Street Suite 470, New Dorothy, MH 15277",(801)510-7306x56173,Widowed,1
966,Angelica,Smith,"023 Joy Mountains Suite 707, New Stevenburgh, WI 50204",(600)697-2477x71450,Married,2
967,Ronnie,Simon,"1339 Carpenter Brooks Apt. 268, Port Alexander, ND 37664",4446779293,Widowed,5
968,Christopher,Garcia,"582 Bradley Vista Suite 547, Ruthchester, WV 53002",3239375075,Divorced,3
969,Jake,Estrada,"922 Daniel Mall Apt. 313, North Richardton, AL 26864",839-957-4089,Widowed,2
970,Sara,Ramirez,"24008 Weaver Trail, West Hayleytown, SC 62852",995-902-3933x37012,Single,0
971,Patty,Wood,"06317 Jason Green Suite 759, Katherinetown, WI 26006",9982246659,Single,0
972,Austin,Davis,"0602 Pamela Keys Apt. 310, Rogerston, SD 36813",841-348-3323x824,Single,0
973,Veronica,Davis,"0279 Makayla Mount, North Mandy, FM 18618",864-684-5289x755,Widowed,0
974,Douglas,Bolton,"049 Davies Spur Apt. 591, East Kara, MH 77585",001-925-927-4042,Married,4
975,Christopher,Owen,"2772 Spears Row, Anthonyborough, VA 80503",(648)858-8302x31656,Single,0
976,Philip,Anderson,"04419 Yolanda Circle Suite 148, Port Bridgetshire, GU 73746",811.362.7592,Divorced,1
977,Rebekah,Long,"580 Catherine Mills, West Lisa, AS 17050",001-512-300-2687x40506,Single,0
978,Amy,James,"357 David Knoll, Shelbymouth, DE 49506",701.867.0038x9477,Married,5
979,Justin,Robertson,"45240 Davis Gardens, Port Stefanie, RI 97660",880.499.8359x15344,Divorced,0
980,Sergio,Nguyen,"08380 Marc Inlet, Hendersonville, MT 12169",695-442-4439x588,Married,5
981,William,Martinez,"84671 Joy Wall Suite 177, Kerrshire, OR 91495",647-522-2263,Single,0
982,Susan,Rangel,"6964 Kevin Wall Suite 119, Jessicafurt, IL 04733",6039241941,Single,0
983,Valerie,Castillo,"875 Michael Mountain, Mccoymouth, IN 22439",962.938.1362x79433,Divorced,0
984,Stephanie,Hernandez,"639 Tammy Shores, West Cynthia, HI 33136",688-869-6165x3871,Widowed,3
985,Nichole,Esparza,"05883 Burgess Pine Apt. 968, New Arthurstad, AK 28738",(440)628-9803x215,Divorced,4
986,Gregory,Smith,"229 Howard Turnpike, Gregoryhaven, MO 23975",+1-238-788-9243x245,Married,4
987,Michael,Johnston,"0933 Fleming Way Suite 758, Allenfurt, ND 22931",(562)372-6560,Widowed,3
988,Billy,Andrade,"32666 David Club, Lake Marcusfort, HI 49204",+1-700-558-5854,Divorced,5
989,Jennifer,Hamilton,"742 Samuel Mountain Suite 824, Lake Shannonport, SD 07554",001-756-310-9315x538,Single,0
990,Luke,Rice,"8872 Clarke Bypass Apt. 944, Craigtown, IL 35923",916-726-2095x62491,Divorced,5
991,Kayla,Davis,"4693 Butler Plains, Elizabethport, ND 73435",463-541-5134x54513,Widowed,4
992,Cody,Sullivan,"03215 Woodward Summit, North Katherine, GU 91696",001-694-657-7287x508,Widowed,5
993,Cameron,Nelson,"78434 Teresa Lights, Scottfort, CO 89981",381.423.6410x1039,Divorced,0
994,Sheila,Webb,"4747 Jenkins Springs Suite 640, Port Adamfort, AS 69952",(822)929-5673,Married,3
995,Virginia,Johnson,"5837 Odonnell Corner, Susanburgh, IL 06409",950.933.4175x990,Widowed,5
996,Michael,Orr,"65409 Hartman Estates, Hamiltonbury, TN 51713",586.828.6165x11479,Widowed,4
997,Edgar,Knox,"266 Davis Roads Suite 569, Jermaineview, FM 69571",4905835583,Widowed,0
998,Luke,Mccoy,"962 Jared Mission, Goldenton, SC 24938",001-859-741-1998x81916,Single,0
999,Cheyenne,Garcia,"05150 Smith Radial Apt. 631, Larachester, HI 62553",+1-862-501-3196x512,Married,5
1000,Randall,Garrison,"5232 Brandi Cliff, Kerrfurt, MS 38812",742-453-2569x545,Married,2
